carpeta,archivo,subcapa,n
Areas pobladas (1),C:\Users\Gabriela_Jerez\Desktop\distancias_mineria\Areas pobladas (1)\Areas pobladas.shp,,652
Areas protegidas (1),C:\Users\Gabriela_Jerez\Desktop\distancias_mineria\Areas protegidas (1)\areas protegidas.shp,,583
Atractivo Turístico (Nuevo),C:\Users\Gabriela_Jerez\Desktop\distancias_mineria\Atractivo Turístico (Nuevo)\Atractivos Turísticos.shp,,4853
Atractivo Turístico (Nuevo),C:\Users\Gabriela_Jerez\Desktop\distancias_mineria\Atractivo Turístico (Nuevo)\Zonas a usar\Atractivo turístico.shp,,2942
Atractivo Turístico (Nuevo),C:\Users\Gabriela_Jerez\Desktop\distancias_mineria\Atractivo Turístico (Nuevo)\Zonas a usar\Zona de interes a turístico.shp,,7
Comunidades indigenas (1),C:\Users\Gabriela_Jerez\Desktop\distancias_mineria\Comunidades indigenas (1)\Comunidades indigenas.shp,,2903
Glaciares (1),C:\Users\Gabriela_Jerez\Desktop\distancias_mineria\Glaciares (1)\glaciares.shp,,26180
Inventario de humedales (1),C:\Users\Gabriela_Jerez\Desktop\distancias_mineria\Inventario de humedales (1)\Humedales.shp,,4801
Planes de descontaminación (1),C:\Users\Gabriela_Jerez\Desktop\distancias_mineria\Planes de descontaminación (1)\planes de descontaminacion.shp,,19
Reserva de la biosfera (1),C:\Users\Gabriela_Jerez\Desktop\distancias_mineria\Reserva de la biosfera (1)\l_43_v1_reserva_de_la_biosfera.shp,,10
Sitios prioritarios (1),C:\Users\Gabriela_Jerez\Desktop\distancias_mineria\Sitios prioritarios (1)\Sitios prioritarios.shp,,331
Zona de interés turístico (1),C:\Users\Gabriela_Jerez\Desktop\distancias_mineria\Zona de interés turístico (1)\Zonas de interés  turístico.shp,,24
Áreas de desarrollo Indigena (1),C:\Users\Gabriela_Jerez\Desktop\distancias_mineria\Áreas de desarrollo Indigena (1)\ADI.shp,,11
