ID_POLIGONO,ID_OA,etapa,indice_0_100,incluido
POL_1,538.0,sin_clasificar,25.650000000000002,False
POL_4,360.0,sin_clasificar,47.525,False
POL_5,360.0,sin_clasificar,25.025,False
POL_6,360.0,sin_clasificar,22.925,False
POL_7,78.0,sin_clasificar,12.45,False
POL_8,22.0,sin_clasificar,16.0,False
POL_9,250.0,sin_clasificar,42.675,False
POL_10,226.0,sin_clasificar,10.975000000000001,False
POL_11,539.0,sin_clasificar,23.725,False
POL_12,468.0,sin_clasificar,15.85,False
POL_13,190.0,sin_clasificar,20.8,False
POL_14,223.0,sin_clasificar,10.125,False
POL_15,540.0,sin_clasificar,12.475,False
POL_17,192.0,sin_clasificar,12.0,False
POL_18,541.0,sin_clasificar,10.825,False
POL_19,465.0,sin_clasificar,17.05,False
POL_20,434.0,sin_clasificar,25.3,False
POL_21,434.0,sin_clasificar,20.125,False
POL_22,440.0,sin_clasificar,19.3,False
POL_23,468.0,sin_clasificar,29.6,False
POL_24,468.0,sin_clasificar,22.349999999999998,False
POL_25,460.0,sin_clasificar,13.9,False
POL_26,419.0,sin_clasificar,26.275000000000002,False
POL_27,447.0,sin_clasificar,29.8,False
POL_29,214.0,sin_clasificar,19.45,False
POL_30,542.0,sin_clasificar,24.025,False
POL_31,78.0,sin_clasificar,14.8,False
POL_32,543.0,sin_clasificar,28.3,False
POL_33,164.0,sin_clasificar,31.2,False
POL_35,83.0,sin_clasificar,6.6,False
POL_36,110.0,sin_clasificar,12.475,False
POL_37,63.0,sin_clasificar,7.525,False
POL_38,355.0,sin_clasificar,8.5,False
POL_39,21.0,sin_clasificar,16.25,False
POL_40,517.0,sin_clasificar,28.7,False
POL_41,515.0,sin_clasificar,8.35,False
POL_42,291.0,sin_clasificar,8.35,False
POL_43,75.0,sin_clasificar,10.25,False
POL_44,149.0,sin_clasificar,4.25,False
POL_45,358.0,sin_clasificar,4.25,False
POL_46,408.0,sin_clasificar,18.075,False
POL_47,330.0,sin_clasificar,22.299999999999997,False
POL_48,373.0,sin_clasificar,12.0,False
POL_49,212.0,sin_clasificar,10.9,False
POL_50,176.0,sin_clasificar,3.375,False
POL_51,544.0,sin_clasificar,3.25,False
POL_52,278.0,sin_clasificar,3.25,False
POL_53,545.0,sin_clasificar,38.225,False
POL_55,27.0,sin_clasificar,42.025,False
POL_56,373.0,sin_clasificar,27.525,False
POL_57,411.0,sin_clasificar,14.025,False
POL_59,359.0,sin_clasificar,29.075000000000003,False
POL_60,546.0,sin_clasificar,18.400000000000002,False
POL_61,187.0,sin_clasificar,6.449999999999999,False
POL_62,357.0,sin_clasificar,8.8,False
POL_63,313.0,sin_clasificar,2.35,False
POL_64,426.0,sin_clasificar,1.175,False
POL_65,435.0,sin_clasificar,1.75,False
POL_66,548.0,sin_clasificar,7.6,False
POL_67,36.0,sin_clasificar,7.625,False
POL_68,451.0,sin_clasificar,0.0,False
POL_69,549.0,sin_clasificar,29.5,False
POL_70,477.0,sin_clasificar,30.474999999999998,False
POL_71,518.0,sin_clasificar,14.35,False
POL_72,430.0,sin_clasificar,6.0,False
POL_73,430.0,sin_clasificar,13.05,False
POL_74,390.0,sin_clasificar,21.175,False
POL_76,271.0,sin_clasificar,5.875,False
POL_77,374.0,sin_clasificar,5.875,False
POL_78,262.0,sin_clasificar,8.8,False
POL_79,66.0,sin_clasificar,22.425,False
POL_80,295.0,sin_clasificar,1.75,False
POL_81,426.0,sin_clasificar,16.95,False
POL_82,358.0,sin_clasificar,8.35,False
POL_83,358.0,sin_clasificar,5.875,False
POL_84,297.0,sin_clasificar,1.75,False
POL_85,134.0,sin_clasificar,4.225,False
POL_86,252.0,sin_clasificar,1.75,False
POL_87,27.0,sin_clasificar,7.35,False
POL_88,550.0,sin_clasificar,28.825,False
POL_90,330.0,sin_clasificar,0.0,False
POL_91,38.0,sin_clasificar,10.25,False
POL_92,146.0,sin_clasificar,14.025,False
POL_93,220.0,sin_clasificar,14.0,False
POL_94,378.0,sin_clasificar,9.525,False
POL_95,374.0,sin_clasificar,4.675,False
POL_97,303.0,sin_clasificar,0.0,False
POL_98,217.0,sin_clasificar,27.925,False
POL_99,21.0,sin_clasificar,27.275,False
POL_100,136.0,sin_clasificar,3.275,False
POL_101,551.0,sin_clasificar,7.625,False
POL_102,380.0,sin_clasificar,5.75,False
POL_103,55.0,sin_clasificar,5.75,False
POL_104,380.0,sin_clasificar,3.275,False
POL_105,66.0,sin_clasificar,2.475,False
POL_106,380.0,sin_clasificar,0.0,False
POL_107,380.0,sin_clasificar,0.0,False
POL_108,67.0,sin_clasificar,11.625,False
POL_109,380.0,sin_clasificar,7.4,False
POL_110,380.0,sin_clasificar,5.025,False
POL_113,390.0,sin_clasificar,26.825000000000003,False
POL_114,553.0,sin_clasificar,15.875,False
POL_115,145.0,sin_clasificar,13.025,False
POL_116,48.0,sin_clasificar,13.025,False
POL_117,27.0,sin_clasificar,13.025,False
POL_118,411.0,sin_clasificar,10.1,False
POL_120,518.0,sin_clasificar,17.425,False
POL_121,378.0,sin_clasificar,23.45,False
POL_122,516.0,sin_clasificar,38.1,False
POL_123,472.0,sin_clasificar,35.625,False
POL_124,473.0,sin_clasificar,33.5,False
POL_125,473.0,sin_clasificar,29.85,False
POL_126,373.0,sin_clasificar,14.0,False
POL_127,528.0,sin_clasificar,18.25,False
POL_128,272.0,sin_clasificar,16.675,False
POL_129,169.0,sin_clasificar,7.4,False
POL_130,554.0,sin_clasificar,7.4,False
POL_131,555.0,sin_clasificar,5.75,False
POL_132,23.0,sin_clasificar,20.175,False
POL_133,23.0,sin_clasificar,20.175,False
POL_134,204.0,sin_clasificar,21.925,False
POL_135,123.0,sin_clasificar,15.85,False
POL_136,123.0,sin_clasificar,18.325000000000003,False
POL_137,222.0,sin_clasificar,24.85,False
POL_138,85.0,sin_clasificar,17.475,False
POL_139,127.0,sin_clasificar,17.475,False
POL_140,385.0,sin_clasificar,27.5,False
POL_141,103.0,sin_clasificar,12.450000000000001,False
POL_142,338.0,sin_clasificar,15.0,False
POL_143,230.0,sin_clasificar,1.75,False
POL_144,64.0,sin_clasificar,7.525,False
POL_145,556.0,sin_clasificar,5.025,False
POL_146,160.0,sin_clasificar,11.725,False
POL_147,42.0,sin_clasificar,21.925,False
POL_148,529.0,sin_clasificar,18.275,False
POL_149,529.0,sin_clasificar,27.925,False
POL_150,127.0,sin_clasificar,19.95,False
POL_151,557.0,sin_clasificar,30.400000000000002,False
POL_152,28.0,sin_clasificar,30.525,False
POL_153,558.0,sin_clasificar,25.425,False
POL_154,493.0,sin_clasificar,17.525,False
POL_155,559.0,sin_clasificar,9.25,False
POL_156,23.0,sin_clasificar,9.25,False
POL_157,90.0,sin_clasificar,2.475,False
POL_158,351.0,sin_clasificar,14.950000000000001,False
POL_159,155.0,sin_clasificar,25.025000000000002,False
POL_160,18.0,sin_clasificar,26.175,False
POL_162,44.0,sin_clasificar,40.949999999999996,False
POL_163,41.0,sin_clasificar,28.325,False
POL_164,213.0,sin_clasificar,27.25,False
POL_165,211.0,sin_clasificar,28.925,False
POL_166,398.0,sin_clasificar,26.475,False
POL_167,348.0,sin_clasificar,21.0,False
POL_168,448.0,sin_clasificar,47.725,False
POL_169,494.0,sin_clasificar,52.175,False
POL_170,448.0,sin_clasificar,42.599999999999994,False
POL_171,560.0,sin_clasificar,38.5,False
POL_172,561.0,sin_clasificar,38.5,False
POL_174,448.0,sin_clasificar,18.650000000000002,False
POL_175,448.0,sin_clasificar,18.650000000000002,False
POL_176,448.0,sin_clasificar,17.475,False
POL_177,448.0,sin_clasificar,17.475,False
POL_178,300.0,sin_clasificar,17.475,False
POL_179,300.0,sin_clasificar,18.650000000000002,False
POL_180,243.0,sin_clasificar,26.7,False
POL_181,367.0,sin_clasificar,25.400000000000002,False
POL_182,367.0,sin_clasificar,16.700000000000003,False
POL_183,111.0,sin_clasificar,15.85,False
POL_184,448.0,sin_clasificar,28.45,False
POL_185,130.0,sin_clasificar,29.825000000000003,False
POL_186,23.0,sin_clasificar,40.85,False
POL_187,158.0,sin_clasificar,35.824999999999996,False
POL_188,537.0,sin_clasificar,14.225,False
POL_189,334.0,sin_clasificar,23.625,False
POL_190,416.0,sin_clasificar,24.15,False
POL_191,562.0,sin_clasificar,25.9,False
POL_192,484.0,sin_clasificar,24.15,False
POL_193,54.0,sin_clasificar,26.175,False
POL_194,18.0,sin_clasificar,17.5,False
POL_195,367.0,sin_clasificar,16.974999999999998,False
POL_197,448.0,sin_clasificar,19.500000000000004,False
POL_198,367.0,sin_clasificar,22.425000000000004,False
POL_199,341.0,sin_clasificar,24.900000000000002,False
POL_200,564.0,sin_clasificar,28.575000000000003,False
POL_201,484.0,sin_clasificar,29.075,False
POL_202,448.0,sin_clasificar,49.62499999999999,False
POL_203,386.0,sin_clasificar,46.574999999999996,False
POL_204,397.0,sin_clasificar,54.65,False
POL_205,238.0,sin_clasificar,53.475,False
POL_206,565.0,sin_clasificar,53.175,False
POL_207,386.0,sin_clasificar,48.35,False
POL_208,459.0,sin_clasificar,54.65,False
POL_209,362.0,sin_clasificar,52.175,False
POL_211,470.0,sin_clasificar,54.65,False
POL_212,459.0,sin_clasificar,54.65,False
POL_213,459.0,sin_clasificar,10.0,False
POL_214,388.0,sin_clasificar,48.449999999999996,False
POL_215,186.0,sin_clasificar,44.225,False
POL_216,567.0,sin_clasificar,39.175,False
POL_217,159.0,sin_clasificar,45.975,False
POL_218,23.0,sin_clasificar,51.0,False
POL_219,568.0,sin_clasificar,46.699999999999996,False
POL_220,530.0,sin_clasificar,29.750000000000004,False
POL_221,302.0,sin_clasificar,33.37499999999999,False
POL_222,229.0,sin_clasificar,36.574999999999996,False
POL_223,253.0,sin_clasificar,21.475,False
POL_224,203.0,sin_clasificar,25.975,False
POL_225,241.0,sin_clasificar,33.425,False
POL_226,320.0,sin_clasificar,26.7,False
POL_227,265.0,sin_clasificar,29.750000000000004,False
POL_228,371.0,sin_clasificar,23.950000000000003,False
POL_229,253.0,sin_clasificar,17.35,False
POL_230,253.0,sin_clasificar,18.2,False
POL_231,209.0,sin_clasificar,19.825,False
POL_232,442.0,sin_clasificar,23.900000000000002,False
POL_233,84.0,sin_clasificar,41.2,False
POL_234,189.0,sin_clasificar,25.599999999999998,False
POL_235,215.0,sin_clasificar,20.675,False
POL_236,61.0,sin_clasificar,25.599999999999998,False
POL_237,61.0,sin_clasificar,24.799999999999997,False
POL_238,62.0,sin_clasificar,26.724999999999998,False
POL_240,52.0,sin_clasificar,14.125,False
POL_242,459.0,sin_clasificar,10.0,False
POL_243,459.0,sin_clasificar,10.0,False
POL_245,448.0,sin_clasificar,18.675,False
POL_246,448.0,sin_clasificar,24.1,False
POL_247,569.0,sin_clasificar,28.325000000000003,False
POL_248,129.0,sin_clasificar,32.45,False
POL_249,230.0,sin_clasificar,39.37499999999999,False
POL_250,152.0,sin_clasificar,46.15,False
POL_251,570.0,sin_clasificar,44.199999999999996,False
POL_252,366.0,sin_clasificar,54.65,False
POL_253,363.0,sin_clasificar,50.4,False
POL_254,571.0,sin_clasificar,44.55,False
POL_255,163.0,sin_clasificar,39.974999999999994,False
POL_256,459.0,sin_clasificar,31.099999999999998,False
POL_257,73.0,sin_clasificar,38.15,False
POL_259,59.0,sin_clasificar,26.8,False
POL_260,249.0,sin_clasificar,15.549999999999999,False
POL_261,199.0,sin_clasificar,23.325000000000003,False
POL_262,29.0,sin_clasificar,7.7749999999999995,False
POL_263,122.0,sin_clasificar,28.325,False
POL_264,329.0,sin_clasificar,36.574999999999996,False
POL_265,135.0,sin_clasificar,34.824999999999996,False
POL_266,324.0,sin_clasificar,39.375,False
POL_267,386.0,sin_clasificar,26.45,False
POL_268,459.0,sin_clasificar,43.6,False
POL_269,60.0,sin_clasificar,34.05,False
POL_270,60.0,sin_clasificar,28.475,False
POL_271,102.0,sin_clasificar,28.125,False
POL_272,128.0,sin_clasificar,25.15,False
POL_273,105.0,sin_clasificar,5.025,False
POL_274,449.0,sin_clasificar,21.025,False
POL_275,87.0,sin_clasificar,14.55,False
POL_276,368.0,sin_clasificar,9.25,False
POL_277,69.0,sin_clasificar,26.55,False
POL_278,572.0,sin_clasificar,34.975,False
POL_279,573.0,sin_clasificar,32.5,False
POL_280,574.0,sin_clasificar,32.5,False
POL_281,575.0,sin_clasificar,34.975,False
POL_282,576.0,sin_clasificar,39.425,False
POL_283,577.0,sin_clasificar,32.5,False
POL_284,578.0,sin_clasificar,32.5,False
POL_285,579.0,sin_clasificar,32.5,False
POL_286,527.0,sin_clasificar,32.5,False
POL_287,580.0,sin_clasificar,32.5,False
POL_288,581.0,sin_clasificar,32.5,False
POL_289,185.0,sin_clasificar,25.324999999999996,False
POL_290,582.0,sin_clasificar,25.324999999999996,False
POL_291,346.0,sin_clasificar,27.924999999999997,False
POL_292,485.0,sin_clasificar,35.825,False
POL_293,301.0,sin_clasificar,26.900000000000002,False
POL_294,177.0,sin_clasificar,9.475000000000001,False
POL_295,86.0,sin_clasificar,14.3,False
POL_297,584.0,sin_clasificar,17.975,False
POL_298,485.0,sin_clasificar,25.45,False
POL_299,462.0,sin_clasificar,28.75,False
POL_300,585.0,sin_clasificar,24.9,False
POL_301,120.0,sin_clasificar,38.699999999999996,False
POL_302,304.0,sin_clasificar,45.925000000000004,False
POL_303,375.0,sin_clasificar,40.625,False
POL_304,321.0,sin_clasificar,41.475,False
POL_305,586.0,sin_clasificar,41.475,False
POL_306,485.0,sin_clasificar,26.65,False
POL_307,587.0,sin_clasificar,44.75,False
POL_308,417.0,sin_clasificar,12.525,False
POL_309,72.0,sin_clasificar,30.900000000000002,False
POL_310,510.0,sin_clasificar,20.25,False
POL_311,108.0,sin_clasificar,19.85,False
POL_312,132.0,sin_clasificar,25.825,False
POL_313,43.0,sin_clasificar,3.275,False
POL_314,112.0,sin_clasificar,13.375,False
POL_315,182.0,sin_clasificar,15.85,False
POL_316,277.0,sin_clasificar,17.0,False
POL_317,346.0,sin_clasificar,15.825,False
POL_318,425.0,sin_clasificar,17.0,False
POL_319,276.0,sin_clasificar,17.0,False
POL_320,56.0,sin_clasificar,13.3,False
POL_321,399.0,sin_clasificar,14.075000000000001,False
POL_322,489.0,sin_clasificar,37.0,False
POL_323,290.0,sin_clasificar,28.15,False
POL_324,290.0,sin_clasificar,32.175,False
POL_325,588.0,sin_clasificar,29.225,False
POL_326,91.0,sin_clasificar,24.025,False
POL_327,264.0,sin_clasificar,24.025,False
POL_328,589.0,sin_clasificar,23.449999999999996,False
POL_329,485.0,sin_clasificar,19.725,False
POL_330,24.0,sin_clasificar,26.325,False
POL_331,24.0,sin_clasificar,25.349999999999998,False
POL_332,24.0,sin_clasificar,21.675,False
POL_333,58.0,sin_clasificar,28.275,False
POL_334,109.0,sin_clasificar,23.425,False
POL_335,72.0,sin_clasificar,21.675,False
POL_336,281.0,sin_clasificar,22.075,False
POL_337,153.0,sin_clasificar,29.674999999999997,False
POL_338,281.0,sin_clasificar,21.099999999999998,False
POL_340,364.0,sin_clasificar,14.899999999999999,False
POL_341,293.0,sin_clasificar,20.675,False
POL_342,590.0,sin_clasificar,27.150000000000002,False
POL_343,591.0,sin_clasificar,19.8,False
POL_344,592.0,sin_clasificar,13.700000000000001,False
POL_345,317.0,sin_clasificar,19.875,False
POL_346,356.0,sin_clasificar,21.225,False
POL_347,144.0,sin_clasificar,19.875,False
POL_348,593.0,sin_clasificar,19.875,False
POL_349,6.0,sin_clasificar,13.600000000000001,False
POL_350,501.0,sin_clasificar,15.825,False
POL_351,37.0,sin_clasificar,19.025000000000002,False
POL_352,594.0,sin_clasificar,24.8,False
POL_353,307.0,sin_clasificar,39.275,False
POL_354,394.0,sin_clasificar,33.75,False
POL_355,595.0,sin_clasificar,17.5,False
POL_356,394.0,sin_clasificar,29.5,False
POL_357,381.0,sin_clasificar,25.375,False
POL_358,381.0,sin_clasificar,31.225,False
POL_359,429.0,sin_clasificar,30.349999999999998,False
POL_360,381.0,sin_clasificar,28.325,False
POL_361,396.0,sin_clasificar,46.4,False
POL_362,369.0,sin_clasificar,38.699999999999996,False
POL_363,369.0,sin_clasificar,38.699999999999996,False
POL_364,369.0,sin_clasificar,33.625,False
POL_365,121.0,sin_clasificar,39.949999999999996,False
POL_366,280.0,sin_clasificar,40.949999999999996,False
POL_367,286.0,sin_clasificar,44.074999999999996,False
POL_368,94.0,sin_clasificar,37.475,False
POL_369,286.0,sin_clasificar,47.3,False
POL_371,29.0,sin_clasificar,83.67500000000001,False
POL_372,285.0,sin_clasificar,77.25000000000001,False
POL_374,332.0,sin_clasificar,15.775,False
POL_375,206.0,sin_clasificar,46.675,False
POL_376,198.0,sin_clasificar,47.425,False
POL_377,312.0,sin_clasificar,47.3,False
POL_378,347.0,sin_clasificar,44.925,False
POL_379,423.0,sin_clasificar,44.35,False
POL_380,596.0,sin_clasificar,52.224999999999994,False
POL_381,150.0,sin_clasificar,51.9,False
POL_382,256.0,sin_clasificar,19.05,False
POL_383,597.0,sin_clasificar,47.425,False
POL_384,598.0,sin_clasificar,49.175,False
POL_385,33.0,sin_clasificar,51.55,False
POL_386,444.0,sin_clasificar,55.775,False
POL_387,193.0,sin_clasificar,43.875,False
POL_388,531.0,sin_clasificar,29.325000000000003,False
POL_389,311.0,sin_clasificar,51.0,False
POL_390,599.0,sin_clasificar,61.949999999999996,False
POL_391,26.0,sin_clasificar,55.099999999999994,False
POL_392,248.0,sin_clasificar,59.775,False
POL_393,242.0,sin_clasificar,59.724999999999994,False
POL_394,600.0,sin_clasificar,59.724999999999994,False
POL_395,106.0,sin_clasificar,55.475,False
POL_396,463.0,sin_clasificar,47.925,False
POL_397,403.0,sin_clasificar,63.324999999999996,False
POL_398,205.0,sin_clasificar,56.449999999999996,False
POL_400,218.0,sin_clasificar,61.675,False
POL_401,202.0,sin_clasificar,64.55,False
POL_402,492.0,sin_clasificar,57.099999999999994,False
POL_403,26.0,sin_clasificar,61.25,False
POL_404,200.0,sin_clasificar,63.0,False
POL_405,601.0,sin_clasificar,54.699999999999996,False
POL_406,602.0,sin_clasificar,55.87499999999999,False
POL_407,310.0,sin_clasificar,59.725,False
POL_408,208.0,sin_clasificar,59.725,False
POL_409,207.0,sin_clasificar,62.199999999999996,False
POL_410,361.0,sin_clasificar,59.725,False
POL_411,483.0,sin_clasificar,57.62499999999999,False
POL_412,154.0,sin_clasificar,55.87499999999999,False
POL_413,228.0,sin_clasificar,58.349999999999994,False
POL_414,318.0,sin_clasificar,57.175,False
POL_415,415.0,sin_clasificar,57.175,False
POL_416,326.0,sin_clasificar,56.725,False
POL_417,413.0,sin_clasificar,56.725,False
POL_418,479.0,sin_clasificar,59.725,False
POL_419,273.0,sin_clasificar,58.349999999999994,False
POL_420,410.0,sin_clasificar,59.725,False
POL_421,34.0,sin_clasificar,53.975,False
POL_422,413.0,sin_clasificar,51.425,False
POL_423,522.0,sin_clasificar,56.725,False
POL_424,361.0,sin_clasificar,56.35,False
POL_425,481.0,sin_clasificar,61.37500000000001,False
POL_426,467.0,sin_clasificar,57.975,False
POL_427,536.0,sin_clasificar,58.1,False
POL_428,508.0,sin_clasificar,54.25000000000001,False
POL_429,124.0,sin_clasificar,65.975,False
POL_430,188.0,sin_clasificar,60.574999999999996,False
POL_432,443.0,sin_clasificar,60.574999999999996,False
POL_433,93.0,sin_clasificar,60.574999999999996,False
POL_434,603.0,sin_clasificar,60.574999999999996,False
POL_436,604.0,sin_clasificar,52.724999999999994,False
POL_438,605.0,sin_clasificar,55.525,False
POL_439,606.0,sin_clasificar,53.599999999999994,False
POL_440,607.0,sin_clasificar,54.175,False
POL_441,395.0,sin_clasificar,67.325,False
POL_442,395.0,sin_clasificar,59.475,False
POL_443,608.0,sin_clasificar,66.14999999999999,False
POL_444,609.0,sin_clasificar,60.574999999999996,False
POL_445,610.0,sin_clasificar,61.74999999999999,False
POL_446,7.0,sin_clasificar,61.175,False
POL_447,345.0,sin_clasificar,74.62499999999999,False
POL_448,611.0,sin_clasificar,70.825,False
POL_449,1.0,sin_clasificar,70.825,False
POL_450,77.0,sin_clasificar,72.0,False
POL_451,612.0,sin_clasificar,70.825,False
POL_452,495.0,sin_clasificar,61.25,False
POL_453,336.0,sin_clasificar,65.375,False
POL_454,415.0,sin_clasificar,66.325,False
POL_455,174.0,sin_clasificar,67.5,False
POL_456,414.0,sin_clasificar,60.574999999999996,False
POL_457,613.0,sin_clasificar,57.574999999999996,False
POL_458,614.0,sin_clasificar,57.574999999999996,False
POL_459,615.0,sin_clasificar,56.824999999999996,False
POL_460,616.0,sin_clasificar,56.824999999999996,False
POL_461,481.0,sin_clasificar,55.65,False
POL_462,519.0,sin_clasificar,50.974999999999994,False
POL_463,617.0,sin_clasificar,55.074999999999996,False
POL_464,618.0,sin_clasificar,55.65,False
POL_465,535.0,sin_clasificar,47.974999999999994,False
POL_466,619.0,sin_clasificar,54.24999999999999,False
POL_467,118.0,sin_clasificar,59.775,False
POL_468,496.0,sin_clasificar,55.65,False
POL_469,79.0,sin_clasificar,59.775,False
POL_470,443.0,sin_clasificar,53.175,False
POL_471,620.0,sin_clasificar,61.74999999999999,False
POL_472,621.0,sin_clasificar,53.9,False
POL_473,622.0,sin_clasificar,62.199999999999996,False
POL_474,232.0,sin_clasificar,52.949999999999996,False
POL_475,623.0,sin_clasificar,63.9,False
POL_476,624.0,sin_clasificar,50.9,False
POL_477,279.0,sin_clasificar,57.974999999999994,False
POL_478,509.0,sin_clasificar,59.775,False
POL_479,500.0,sin_clasificar,57.375,False
POL_480,422.0,sin_clasificar,49.949999999999996,False
POL_481,625.0,sin_clasificar,42.074999999999996,False
POL_482,392.0,sin_clasificar,42.074999999999996,False
POL_483,382.0,sin_clasificar,40.9,False
POL_484,70.0,sin_clasificar,43.375,False
POL_485,328.0,sin_clasificar,40.324999999999996,False
POL_486,30.0,sin_clasificar,48.225,False
POL_487,30.0,sin_clasificar,66.175,False
POL_488,466.0,sin_clasificar,44.95,False
POL_489,466.0,sin_clasificar,39.025,False
POL_490,500.0,sin_clasificar,45.025,False
POL_491,500.0,sin_clasificar,32.475,False
POL_492,626.0,sin_clasificar,38.625,False
POL_493,89.0,sin_clasificar,38.625,False
POL_494,627.0,sin_clasificar,26.450000000000003,False
POL_495,236.0,sin_clasificar,21.375,False
POL_496,476.0,sin_clasificar,22.55,False
POL_497,628.0,sin_clasificar,24.950000000000003,False
POL_498,437.0,sin_clasificar,25.174999999999997,False
POL_499,402.0,sin_clasificar,32.85,False
POL_500,402.0,sin_clasificar,26.225,False
POL_501,532.0,sin_clasificar,31.675,False
POL_502,412.0,sin_clasificar,26.625,False
POL_503,224.0,sin_clasificar,18.575000000000003,False
POL_504,629.0,sin_clasificar,29.55,False
POL_505,630.0,sin_clasificar,26.625,False
POL_506,631.0,sin_clasificar,30.0,False
POL_507,632.0,sin_clasificar,20.950000000000003,False
POL_508,633.0,sin_clasificar,34.0,False
POL_509,151.0,sin_clasificar,15.525,False
POL_510,339.0,sin_clasificar,17.275000000000002,False
POL_511,340.0,sin_clasificar,17.275000000000002,False
POL_512,51.0,sin_clasificar,21.525000000000002,False
POL_513,225.0,sin_clasificar,21.400000000000002,False
POL_514,139.0,sin_clasificar,23.425,False
POL_515,267.0,sin_clasificar,26.35,False
POL_516,246.0,sin_clasificar,27.075000000000003,False
POL_517,237.0,sin_clasificar,21.675,False
POL_518,283.0,sin_clasificar,18.6,False
POL_519,503.0,sin_clasificar,32.475,False
POL_520,275.0,sin_clasificar,31.3,False
POL_521,634.0,sin_clasificar,24.700000000000003,False
POL_522,455.0,sin_clasificar,23.525000000000002,False
POL_523,455.0,sin_clasificar,23.525000000000002,False
POL_524,400.0,sin_clasificar,23.525000000000002,False
POL_525,635.0,sin_clasificar,19.875,False
POL_526,240.0,sin_clasificar,14.475,False
POL_527,400.0,sin_clasificar,14.475,False
POL_528,342.0,sin_clasificar,21.650000000000002,False
POL_529,636.0,sin_clasificar,20.35,False
POL_530,246.0,sin_clasificar,25.900000000000002,False
POL_531,289.0,sin_clasificar,24.325000000000003,False
POL_532,637.0,sin_clasificar,21.775000000000002,False
POL_533,400.0,sin_clasificar,16.825,False
POL_534,533.0,sin_clasificar,24.150000000000002,False
POL_535,638.0,sin_clasificar,25.175,False
POL_536,639.0,sin_clasificar,26.35,False
POL_537,504.0,sin_clasificar,26.7,False
POL_538,343.0,sin_clasificar,27.875,False
POL_539,640.0,sin_clasificar,20.35,False
POL_540,487.0,sin_clasificar,15.275,False
POL_541,258.0,sin_clasificar,17.75,False
POL_542,487.0,sin_clasificar,11.025,False
POL_543,641.0,sin_clasificar,39.95,False
POL_544,259.0,sin_clasificar,35.7,False
POL_545,514.0,sin_clasificar,44.275,False
POL_546,319.0,sin_clasificar,43.1,False
POL_547,39.0,sin_clasificar,44.275,False
POL_548,409.0,sin_clasificar,43.1,False
POL_549,161.0,sin_clasificar,43.1,False
POL_550,534.0,sin_clasificar,43.1,False
POL_551,445.0,sin_clasificar,35.7,False
POL_552,13.0,sin_clasificar,35.7,False
POL_553,184.0,sin_clasificar,31.925,False
POL_554,387.0,sin_clasificar,31.925,False
POL_555,5.0,sin_clasificar,28.650000000000002,False
POL_556,642.0,sin_clasificar,29.45,False
POL_557,141.0,sin_clasificar,26.175,False
POL_558,643.0,sin_clasificar,43.425,False
POL_559,5.0,sin_clasificar,29.45,False
POL_560,644.0,sin_clasificar,37.300000000000004,False
POL_561,57.0,sin_clasificar,39.800000000000004,False
POL_562,57.0,sin_clasificar,35.550000000000004,False
POL_563,645.0,sin_clasificar,33.599999999999994,False
POL_564,401.0,sin_clasificar,30.8,False
POL_565,646.0,sin_clasificar,38.025,False
POL_566,647.0,sin_clasificar,38.475,False
POL_567,387.0,sin_clasificar,28.25,False
POL_568,424.0,sin_clasificar,21.95,False
POL_569,456.0,sin_clasificar,37.574999999999996,False
POL_570,126.0,sin_clasificar,37.574999999999996,False
POL_571,231.0,sin_clasificar,42.85,False
POL_572,456.0,sin_clasificar,39.575,False
POL_573,648.0,sin_clasificar,39.0,False
POL_574,428.0,sin_clasificar,39.0,False
POL_575,234.0,sin_clasificar,44.025,False
POL_576,428.0,sin_clasificar,40.75,False
POL_577,649.0,sin_clasificar,28.675,False
POL_578,650.0,sin_clasificar,25.075,False
POL_579,343.0,sin_clasificar,28.675,False
POL_580,651.0,sin_clasificar,32.175,False
POL_581,171.0,sin_clasificar,31.6,False
POL_582,652.0,sin_clasificar,31.6,False
POL_583,216.0,sin_clasificar,39.575,False
POL_584,653.0,sin_clasificar,27.05,False
POL_585,654.0,sin_clasificar,23.775,False
POL_586,655.0,sin_clasificar,23.775,False
POL_587,234.0,sin_clasificar,31.475,False
POL_588,95.0,sin_clasificar,29.925,False
POL_589,656.0,sin_clasificar,34.05,False
POL_590,482.0,sin_clasificar,38.175000000000004,False
POL_591,269.0,sin_clasificar,44.275,False
POL_592,101.0,sin_clasificar,45.574999999999996,False
POL_593,167.0,sin_clasificar,36.574999999999996,False
POL_594,454.0,sin_clasificar,34.4,False
POL_595,140.0,sin_clasificar,45.25,False
POL_596,657.0,sin_clasificar,31.95,False
POL_597,428.0,sin_clasificar,20.175,False
POL_598,428.0,sin_clasificar,30.125,False
POL_599,156.0,sin_clasificar,31.275000000000002,False
POL_600,288.0,sin_clasificar,25.975,False
POL_601,534.0,sin_clasificar,19.375,False
POL_602,487.0,sin_clasificar,26.575,False
POL_603,658.0,sin_clasificar,33.3,False
POL_604,659.0,sin_clasificar,25.075,False
POL_605,133.0,sin_clasificar,39.025,False
POL_606,660.0,sin_clasificar,39.025,False
POL_607,661.0,sin_clasificar,40.199999999999996,False
POL_608,662.0,sin_clasificar,34.675000000000004,False
POL_609,663.0,sin_clasificar,30.675,False
POL_610,664.0,sin_clasificar,27.75,False
POL_611,665.0,sin_clasificar,27.75,False
POL_612,666.0,sin_clasificar,39.925,False
POL_613,667.0,sin_clasificar,39.925,False
POL_614,142.0,sin_clasificar,31.849999999999998,False
POL_615,668.0,sin_clasificar,51.025,False
POL_616,669.0,sin_clasificar,47.75,False
POL_617,670.0,sin_clasificar,46.1,False
POL_618,671.0,sin_clasificar,45.95,False
POL_619,672.0,sin_clasificar,29.525000000000002,False
POL_620,498.0,sin_clasificar,39.050000000000004,False
POL_621,673.0,sin_clasificar,40.800000000000004,False
POL_622,674.0,sin_clasificar,41.975,False
POL_623,675.0,sin_clasificar,37.85,False
POL_624,676.0,sin_clasificar,38.849999999999994,False
POL_625,46.0,sin_clasificar,38.849999999999994,False
POL_626,179.0,sin_clasificar,43.875,False
POL_627,2.0,sin_clasificar,55.9,False
POL_628,446.0,sin_clasificar,49.75,False
POL_629,498.0,sin_clasificar,49.175000000000004,False
POL_630,349.0,sin_clasificar,54.15,False
POL_631,354.0,sin_clasificar,55.9,False
POL_632,677.0,sin_clasificar,37.074999999999996,False
POL_633,178.0,sin_clasificar,37.525,False
POL_634,678.0,sin_clasificar,32.375,False
POL_635,350.0,sin_clasificar,47.1,False
POL_636,679.0,sin_clasificar,47.1,False
POL_637,350.0,sin_clasificar,52.175,False
POL_638,680.0,sin_clasificar,44.75,False
POL_639,681.0,sin_clasificar,44.75,False
POL_640,682.0,sin_clasificar,51.025,False
POL_641,35.0,sin_clasificar,49.24999999999999,False
POL_642,309.0,sin_clasificar,36.949999999999996,False
POL_643,683.0,sin_clasificar,24.375,False
POL_644,684.0,sin_clasificar,31.55,False
POL_645,431.0,sin_clasificar,41.2,False
POL_646,195.0,sin_clasificar,54.525,False
POL_647,685.0,sin_clasificar,49.824999999999996,False
POL_648,4.0,sin_clasificar,30.049999999999997,False
POL_649,686.0,sin_clasificar,50.175,False
POL_650,173.0,sin_clasificar,47.550000000000004,False
POL_651,497.0,sin_clasificar,36.525,False
POL_652,687.0,sin_clasificar,36.525,False
POL_653,196.0,sin_clasificar,23.4,False
POL_654,391.0,sin_clasificar,30.450000000000003,False
POL_655,71.0,sin_clasificar,32.2,False
POL_656,322.0,sin_clasificar,39.25000000000001,False
POL_657,461.0,sin_clasificar,41.675,False
POL_658,688.0,sin_clasificar,42.849999999999994,False
POL_659,327.0,sin_clasificar,22.700000000000003,False
POL_660,490.0,sin_clasificar,21.525000000000002,False
POL_661,689.0,sin_clasificar,29.75,False
POL_662,308.0,sin_clasificar,29.75,False
POL_663,690.0,sin_clasificar,26.0,False
POL_664,691.0,sin_clasificar,23.525000000000002,False
POL_665,692.0,sin_clasificar,24.0,False
POL_666,148.0,sin_clasificar,21.775,False
POL_667,693.0,sin_clasificar,36.475,False
POL_668,172.0,sin_clasificar,21.075,False
POL_669,694.0,sin_clasificar,32.05,False
POL_670,172.0,sin_clasificar,18.825,False
POL_671,148.0,sin_clasificar,27.625,False
POL_672,695.0,sin_clasificar,19.775000000000002,False
POL_673,11.0,sin_clasificar,48.375,False
POL_674,696.0,sin_clasificar,47.199999999999996,False
POL_675,697.0,sin_clasificar,51.775,False
POL_676,698.0,sin_clasificar,36.375,False
POL_677,391.0,sin_clasificar,54.25,False
POL_678,699.0,sin_clasificar,15.65,False
POL_679,700.0,sin_clasificar,30.025000000000002,False
POL_680,701.0,sin_clasificar,30.025000000000002,False
POL_681,702.0,sin_clasificar,26.35,False
POL_682,12.0,sin_clasificar,20.5,False
POL_683,491.0,sin_clasificar,24.625,False
POL_684,97.0,sin_clasificar,24.625,False
POL_685,97.0,sin_clasificar,24.625,False
POL_686,703.0,sin_clasificar,25.8,False
POL_687,97.0,sin_clasificar,25.35,False
POL_688,704.0,sin_clasificar,23.775000000000002,False
POL_689,705.0,sin_clasificar,25.35,False
POL_690,706.0,sin_clasificar,13.775,False
POL_691,421.0,sin_clasificar,13.175,False
POL_692,707.0,sin_clasificar,19.775000000000002,False
POL_693,708.0,sin_clasificar,22.375,False
POL_694,227.0,sin_clasificar,31.625,False
POL_695,511.0,sin_clasificar,29.875,False
POL_696,175.0,sin_clasificar,28.125,False
POL_697,266.0,sin_clasificar,29.55,False
POL_698,709.0,sin_clasificar,29.55,False
POL_699,491.0,sin_clasificar,31.3,False
POL_700,219.0,sin_clasificar,31.3,False
POL_701,266.0,sin_clasificar,24.7,False
POL_702,266.0,sin_clasificar,32.475,False
POL_703,710.0,sin_clasificar,22.55,False
POL_704,711.0,sin_clasificar,20.075000000000003,False
POL_705,88.0,sin_clasificar,20.8,False
POL_706,88.0,sin_clasificar,12.45,False
POL_707,294.0,sin_clasificar,15.4,False
POL_708,88.0,sin_clasificar,12.575,False
POL_709,712.0,sin_clasificar,20.075000000000003,False
POL_710,713.0,sin_clasificar,22.55,False
POL_711,88.0,sin_clasificar,12.575,False
POL_712,407.0,sin_clasificar,37.15,False
POL_713,266.0,sin_clasificar,22.55,False
POL_714,88.0,sin_clasificar,14.95,False
POL_715,714.0,sin_clasificar,10.1,False
POL_716,88.0,sin_clasificar,10.825,False
POL_717,511.0,sin_clasificar,19.775000000000002,False
POL_718,88.0,sin_clasificar,21.525000000000002,False
POL_719,88.0,sin_clasificar,15.65,False
POL_720,88.0,sin_clasificar,13.3,False
POL_721,88.0,sin_clasificar,14.475000000000001,False
POL_722,88.0,sin_clasificar,13.3,False
POL_723,244.0,sin_clasificar,25.525,False
POL_724,715.0,sin_clasificar,18.925,False
POL_725,716.0,sin_clasificar,23.05,False
POL_726,717.0,sin_clasificar,18.925,False
POL_727,507.0,sin_clasificar,25.625,False
POL_728,718.0,sin_clasificar,37.324999999999996,False
POL_729,719.0,sin_clasificar,37.324999999999996,False
POL_730,458.0,sin_clasificar,10.7,False
POL_731,720.0,sin_clasificar,24.450000000000003,False
POL_732,721.0,sin_clasificar,14.924999999999999,False
POL_733,526.0,sin_clasificar,24.450000000000003,False
POL_734,722.0,sin_clasificar,24.450000000000003,False
POL_735,306.0,sin_clasificar,23.275000000000002,False
POL_736,282.0,sin_clasificar,29.150000000000002,False
POL_737,723.0,sin_clasificar,33.275,False
POL_738,157.0,sin_clasificar,17.75,False
POL_739,433.0,sin_clasificar,0.0,False
POL_740,282.0,sin_clasificar,38.49999999999999,False
POL_741,438.0,sin_clasificar,31.099999999999998,False
POL_742,438.0,sin_clasificar,31.099999999999998,False
POL_743,306.0,sin_clasificar,34.425,False
POL_744,420.0,sin_clasificar,34.425,False
POL_745,53.0,sin_clasificar,0.0,False
POL_746,168.0,sin_clasificar,22.0,False
POL_747,168.0,sin_clasificar,9.525,False
POL_748,372.0,sin_clasificar,30.325000000000003,False
POL_749,526.0,sin_clasificar,24.450000000000003,False
POL_750,263.0,sin_clasificar,22.450000000000003,False
POL_751,513.0,sin_clasificar,2.475,False
POL_752,114.0,sin_clasificar,27.849999999999998,False
POL_753,526.0,sin_clasificar,21.275000000000002,False
POL_754,439.0,sin_clasificar,24.200000000000003,False
POL_755,526.0,sin_clasificar,36.925,False
POL_756,344.0,sin_clasificar,20.025,False
POL_757,433.0,sin_clasificar,1.175,False
POL_758,50.0,sin_clasificar,1.175,False
POL_759,433.0,sin_clasificar,0.0,False
POL_760,107.0,sin_clasificar,6.6,False
POL_761,107.0,sin_clasificar,7.7749999999999995,False
POL_762,433.0,sin_clasificar,13.2,False
POL_763,433.0,sin_clasificar,20.025,False
POL_764,107.0,sin_clasificar,8.95,False
POL_765,306.0,sin_clasificar,0.0,False
POL_766,306.0,sin_clasificar,1.75,False
POL_767,523.0,sin_clasificar,15.85,False
POL_768,306.0,sin_clasificar,0.0,False
POL_769,306.0,sin_clasificar,1.175,False
POL_770,724.0,sin_clasificar,30.875,False
POL_771,725.0,sin_clasificar,37.375,False
POL_772,726.0,sin_clasificar,41.875,False
POL_773,727.0,sin_clasificar,41.025,False
POL_774,728.0,sin_clasificar,42.199999999999996,False
POL_775,729.0,sin_clasificar,46.1,False
POL_776,730.0,sin_clasificar,29.25,False
POL_777,247.0,sin_clasificar,29.525,False
POL_778,731.0,sin_clasificar,35.725,False
POL_779,433.0,sin_clasificar,1.175,False
POL_780,433.0,sin_clasificar,28.625,False
POL_781,433.0,sin_clasificar,1.75,False
POL_782,306.0,sin_clasificar,22.35,False
POL_783,162.0,sin_clasificar,8.225,False
POL_784,162.0,sin_clasificar,9.4,False
POL_785,162.0,sin_clasificar,9.4,False
POL_786,433.0,sin_clasificar,19.150000000000002,False
POL_787,116.0,sin_clasificar,26.200000000000003,False
POL_788,433.0,sin_clasificar,13.05,False
POL_789,433.0,sin_clasificar,13.05,False
POL_790,433.0,sin_clasificar,13.174999999999999,False
POL_791,433.0,sin_clasificar,22.125,False
POL_792,116.0,sin_clasificar,11.275,False
POL_793,433.0,sin_clasificar,1.175,False
POL_794,433.0,sin_clasificar,1.175,False
POL_795,433.0,sin_clasificar,6.6,False
POL_796,433.0,sin_clasificar,11.3,False
POL_797,282.0,sin_clasificar,1.175,False
POL_798,520.0,sin_clasificar,18.775,False
POL_799,116.0,sin_clasificar,0.0,False
POL_800,119.0,sin_clasificar,0.0,False
POL_801,433.0,sin_clasificar,0.0,False
POL_802,45.0,sin_clasificar,3.5250000000000004,False
POL_803,433.0,sin_clasificar,32.85,False
POL_804,201.0,sin_clasificar,34.775,False
POL_805,331.0,sin_clasificar,39.625,False
POL_806,732.0,sin_clasificar,31.65,False
POL_807,733.0,sin_clasificar,29.25,False
POL_808,734.0,sin_clasificar,29.25,False
POL_809,735.0,sin_clasificar,35.75,False
POL_810,736.0,sin_clasificar,35.75,False
POL_811,380.0,sin_clasificar,11.5,False
POL_812,255.0,sin_clasificar,54.65,False
POL_9990,,sin_clasificar,9.875,False
POL_9991,,sin_clasificar,0.0,False
POL_900001,307.0,sin_clasificar,30.8,False
POL_900002,276.0,sin_clasificar,12.55,False
POL_900003,27.0,sin_clasificar,45.275,False
POL_900004,27.0,sin_clasificar,44.85,False
POL_900005,27.0,sin_clasificar,31.2,False
POL_900007,,sin_clasificar,18.650000000000002,False
POL_900008,,sin_clasificar,17.175,False
POL_900009,,sin_clasificar,15.975,False
POL_900010,,sin_clasificar,14.8,False
POL_900011,,sin_clasificar,28.7,False
POL_900012,,sin_clasificar,3.5,False
POL_900013,,sin_clasificar,8.3,False
POL_900014,,sin_clasificar,7.5,False
POL_900015,,sin_clasificar,7.35,False
POL_900016,,sin_clasificar,0.0,False
POL_900017,,sin_clasificar,0.0,False
POL_900018,,sin_clasificar,1.175,False
POL_900019,,sin_clasificar,6.0,False
POL_900020,,sin_clasificar,15.875,False
POL_900021,,sin_clasificar,3.5,False
POL_900022,,sin_clasificar,14.0,False
POL_900023,,sin_clasificar,10.1,False
POL_900024,,sin_clasificar,11.75,False
POL_900025,,sin_clasificar,5.875,False
POL_900026,,sin_clasificar,0.0,False
POL_900028,,sin_clasificar,8.35,False
POL_900029,,sin_clasificar,39.37499999999999,False
POL_900030,,sin_clasificar,21.75,False
POL_900031,,sin_clasificar,32.575,False
POL_900032,,sin_clasificar,27.325000000000003,False
POL_900033,,sin_clasificar,31.525,False
POL_900034,,sin_clasificar,23.1,False
POL_900035,,sin_clasificar,9.875,False
POL_900036,,sin_clasificar,19.975,False
POL_900037,,sin_clasificar,53.77499999999999,False
POL_900038,,sin_clasificar,53.475,False
POL_900039,,sin_clasificar,2.475,False
POL_900040,,sin_clasificar,5.75,False
POL_900041,,sin_clasificar,29.825000000000003,False
POL_900042,,sin_clasificar,54.65,False
POL_900043,,sin_clasificar,48.449999999999996,False
POL_900044,,sin_clasificar,38.8,False
POL_900045,,sin_clasificar,49.225,False
POL_900046,,sin_clasificar,55.825,False
POL_900047,,sin_clasificar,20.175,False
POL_900048,,sin_clasificar,28.249999999999996,False
POL_900049,,sin_clasificar,2.475,False
POL_900050,,sin_clasificar,55.825,False
POL_900051,,sin_clasificar,17.95,False
POL_900052,,sin_clasificar,15.85,False
POL_900053,,sin_clasificar,23.85,False
POL_900054,,sin_clasificar,24.55,False
POL_900055,,sin_clasificar,15.85,False
POL_900056,,sin_clasificar,13.375,False
POL_900057,,sin_clasificar,15.475000000000001,False
POL_900058,,sin_clasificar,15.85,False
POL_900059,,sin_clasificar,17.0,False
POL_900060,,sin_clasificar,17.0,False
POL_900061,,sin_clasificar,20.900000000000002,False
POL_900062,,sin_clasificar,18.55,False
POL_900063,,sin_clasificar,18.175,False
POL_900064,,sin_clasificar,15.85,False
POL_900065,,sin_clasificar,20.075000000000003,False
POL_900066,,sin_clasificar,25.0,False
POL_900067,,sin_clasificar,12.0,False
POL_900068,,sin_clasificar,9.4,False
POL_900070,,sin_clasificar,30.474999999999998,False
POL_900071,,sin_clasificar,26.825000000000003,False
POL_900072,,sin_clasificar,43.15,False
POL_900073,,sin_clasificar,50.599999999999994,False
POL_900074,,sin_clasificar,46.4,False
POL_900075,,sin_clasificar,17.025,False
POL_900076,,sin_clasificar,17.5,False
POL_900077,,sin_clasificar,52.875,False
POL_900078,,sin_clasificar,26.625,False
POL_900079,,sin_clasificar,38.975,False
POL_900080,,sin_clasificar,27.799999999999997,False
POL_900081,,sin_clasificar,31.650000000000002,False
POL_900082,,sin_clasificar,65.425,False
POL_900083,,sin_clasificar,45.49999999999999,False
POL_900084,,sin_clasificar,60.2,False
POL_900085,,sin_clasificar,56.15,False
POL_900086,,sin_clasificar,59.599999999999994,False
POL_900087,,sin_clasificar,51.125,False
