carpeta,archivo,subcapa,crs,n_geometrias,tipo,estado
Areas pobladas (1),C:\Users\Gabriela_Jerez\Desktop\distancias_mineria\Areas pobladas (1)\Areas pobladas.shp,,EPSG:32719,652,Polygon,OK
Areas protegidas (1),C:\Users\Gabriela_Jerez\Desktop\distancias_mineria\Areas protegidas (1)\areas protegidas.shp,,EPSG:32719,583,Polygon,OK
Atractivo Turístico (Nuevo),C:\Users\Gabriela_Jerez\Desktop\distancias_mineria\Atractivo Turístico (Nuevo)\Atractivos Turísticos.shp,,EPSG:4326,4853,Point,OK
Atractivo Turístico (Nuevo),C:\Users\Gabriela_Jerez\Desktop\distancias_mineria\Atractivo Turístico (Nuevo)\Zonas a usar\Atractivo turístico.shp,,EPSG:32719,2942,Point,OK
Atractivo Turístico (Nuevo),C:\Users\Gabriela_Jerez\Desktop\distancias_mineria\Atractivo Turístico (Nuevo)\Zonas a usar\Zona de interes a turístico.shp,,EPSG:32719,7,Polygon,OK
Comunidades indigenas (1),C:\Users\Gabriela_Jerez\Desktop\distancias_mineria\Comunidades indigenas (1)\Comunidades indigenas.shp,,EPSG:32719,2903,Point,OK
Glaciares (1),C:\Users\Gabriela_Jerez\Desktop\distancias_mineria\Glaciares (1)\glaciares.shp,,EPSG:32719,26180,Polygon,OK
Inventario de humedales (1),C:\Users\Gabriela_Jerez\Desktop\distancias_mineria\Inventario de humedales (1)\Humedales.shp,,EPSG:32719,4801,Polygon,OK
Planes de descontaminación (1),C:\Users\Gabriela_Jerez\Desktop\distancias_mineria\Planes de descontaminación (1)\planes de descontaminacion.shp,,EPSG:32719,19,Polygon,OK
Reserva de la biosfera (1),C:\Users\Gabriela_Jerez\Desktop\distancias_mineria\Reserva de la biosfera (1)\l_43_v1_reserva_de_la_biosfera.shp,,EPSG:4326,10,Polygon,OK
Sitios prioritarios (1),C:\Users\Gabriela_Jerez\Desktop\distancias_mineria\Sitios prioritarios (1)\Sitios prioritarios.shp,,EPSG:32719,331,Polygon,OK
Zona de interés turístico (1),C:\Users\Gabriela_Jerez\Desktop\distancias_mineria\Zona de interés turístico (1)\Zonas de interés  turístico.shp,,EPSG:32719,24,Polygon,OK
Áreas de desarrollo Indigena (1),C:\Users\Gabriela_Jerez\Desktop\distancias_mineria\Áreas de desarrollo Indigena (1)\ADI.shp,,EPSG:32719,11,Polygon Z,OK
