ID_POLIGONO,ID_OA,OBJECTID,NOMBRE,ETAPA,FUENTE,FECHA_REFERENCIA
POL_1,538.0,1,ALMACENAJE MINERO PARQUE INDUSTRIA ZOFRI,,,
POL_4,360.0,4,MINA SALAR SURIRE,,,
POL_5,360.0,5,EXTRACCION MANUAL DE ULEXITA SALAR DE COLPITAS QUIBORAX S.A,,,
POL_6,360.0,6,PLANTA EL AGUILA QUIBORAX S.A.,,,
POL_7,78.0,7,MINERA PAMPA CAMARONES,,,
POL_8,22.0,8,ENAMI CAMARONES,,,
POL_9,250.0,9,MINERA CHOQUELIMPIE,,,
POL_10,226.0,10,TANA - (ex-Bullmine),,,
POL_11,539.0,11,Extraccion de Áridos Camino a Ferronor - El Boro,,,
POL_12,468.0,12,PLANTA DE PRODUCCION DE YODO SOLEDAD- COSAYACH,,,
POL_13,190.0,13,TERMINAL CALETA PATILLOS SAL LOBOS,,,
POL_14,223.0,14,TENARDITA,,,
POL_15,540.0,15,PLANTA HIDROMETALURGICA LUZ MARÍA (LAS MARÍAS 1 Y 2),,,
POL_17,192.0,17,MINA CALIFORNIA,,,
POL_18,541.0,18,MINA IRLANDA,,,
POL_19,465.0,19,EXTENSION PLANTA DE YODO DSM MINERIA,,,
POL_20,434.0,20,FAENA NUEVA VICTORIA- SQM,,,
POL_21,434.0,21,PAMPA HERMOSA SQM,,,
POL_22,440.0,22,RUTA A-760 EXTRACCION DE ARIDOS,,,
POL_23,468.0,23,SCM COSAYACH-NEGREIROS,,,
POL_24,468.0,24,MINERA CALA CALA COSAYACH,,,
POL_25,460.0,25,FAENA MINERA QUEBRADA BLANCA,,,
POL_26,419.0,26,FAENA DOÑA INES DE COLLAHUASI,,,
POL_27,447.0,27,FAENA CERRO COLORADO,,,
POL_29,214.0,29,EXTRACCION DE ÁRIDOS POZO SARA - INBRADA ARIDOS,,,
POL_30,542.0,30,EXPLOTACION ANDIVAL SECTOR SAGASCA,,,
POL_31,78.0,31,MINERA SAGASCA MADRE HMC,,,
POL_32,543.0,32,CANTERA SAN NICOLAS- CERRO MOLLECITO,,,
POL_33,164.0,33,MINERA ORCOMA,,,
POL_35,83.0,35,PRODUCCIÓN DE YODO Y NITRATOS ELOISA,,,
POL_36,110.0,36,PLANTA ISABEL SALAR GRANDE,,,
POL_37,63.0,37,MINERA CAPACHO VIEJO,,,
POL_38,355.0,38,MINA PLANTA MANTOS AL SOL,,,
POL_39,21.0,39,ENAMI TOCOPILLA - BARRILES,,,
POL_40,517.0,40,PLANTA LIPESED,,,
POL_41,515.0,41,MANTOS DE LA LUNA,,,
POL_42,291.0,42,PLANTA DE CAL,,,
POL_43,75.0,43,ANTUCOYA,,,
POL_44,149.0,44,MINA ELENITA,,,
POL_45,358.0,45,PROSPECCION MINERA SIERRA VALENZUELA,,,
POL_46,408.0,46,SPENCE,,,
POL_47,330.0,47,SIERRA GORDA,,,
POL_48,373.0,48,MINERA CERRO DOMINADOR S.A.,,,
POL_49,212.0,49,CENTINELA SULFUROS,,,
POL_50,176.0,50,PROYECTO OXIDOS ENCUENTRO,,,
POL_51,544.0,51,EXPLOTACION MOLIENDA Y TRANSPORTE DE SILICE EN YACIMIENTO NANCY,,,
POL_52,278.0,52,AMPLIACION DE EXTRACCIÓN DE ÁRIDOS POZO PATAGÓNICO 1,,,
POL_53,545.0,53,PLANTA DE ARIDOS MARCOS MURAÑA/ABELARDO CRUZ,,,
POL_55,27.0,55,CODELCO CHUQUICAMATA,,,
POL_56,373.0,56,SANTA MARGARITA,,,
POL_57,411.0,57,PLANTA DE EXTRACCIÓN Y PROCESAMIENTO DE ARIDOS EN POZO LASTRERO,,,
POL_59,359.0,59,SQM SALAR ATACAMA,,,
POL_60,546.0,60,PROYECTO PALOMA,,,
POL_61,187.0,61,MINERA ZALDIVAR,,,
POL_62,357.0,62,MINERA ESCONDIDA,,,
POL_63,313.0,63,AGUAS BLANCAS,,,
POL_64,426.0,64,PUZOLANA NORTE,,,
POL_65,435.0,65,MINERA NO METALICA ARENEX VARILLAS,,,
POL_66,548.0,66,PUERTO MINA ESCONDIDA (COLOSO),,,
POL_67,36.0,67,BODEGA DE TRANSFERENCIA DE GRANELES MINERALES SECTOR PORTEZUELO,,,
POL_68,451.0,68,MINA EL PEÑON,,,
POL_69,549.0,69,EXTRACCION DE ARIDOS QUEBRADA LA CHIMBA,,,
POL_70,477.0,70,EXTRACCION DE ARENA DESDE SECTOR COSTERO LA RINCONADA PARA RELLENOS DE TROCADERO,,,
POL_71,518.0,71,MINA AGUA DULCE,,,
POL_72,430.0,72,MICHILLA,,,
POL_73,430.0,73,MINA MICHILLA,,,
POL_74,390.0,74,EXTRACCION DE ARENA SECTOR COSTERO HORNITOS,,,
POL_76,271.0,76,MINERA METÁLICA MANTOS BLANCOS,,,
POL_77,374.0,77,EXTRACCION DE ARIDOS EMPRESTITO E-63,,,
POL_78,262.0,78,PLANTA DE SULFATO COBRE PENTAHIDRATADO MINERA REFIMIN LTDA,,,
POL_79,66.0,79,PUERTO DE ANTOFAGASTA/TRANSPORTE DE ZINC EN POLVO/TRANSPORTE CATODOS DE COBRE,,,
POL_80,295.0,80,MINA PARDO,,,
POL_81,426.0,81,YESO NORTE,,,
POL_82,358.0,82,IVAN ZAR,,,
POL_83,358.0,83,EMPERATRIZ,,,
POL_84,297.0,84,MINERA MARIMACA,,,
POL_85,134.0,85,PROYECTO CAPRICA IRON,,,
POL_86,252.0,86,SIERRA MIRANDA,,,
POL_87,27.0,87,GABRIELA MISTRAL,,,
POL_88,550.0,88,PLANTA SALAR DE ATACAMA,,,
POL_90,330.0,90,LOMAS BAYAS,,,
POL_91,38.0,91,ALGORTA,,,
POL_92,146.0,92,PLANTA DE ARIDOS SAN PEDRO,,,
POL_93,220.0,93,EXPLOTACIÓN SUBTERRANEA MINA PAMPITA,,,
POL_94,378.0,94,MINA PAMPA BLANCA,,,
POL_95,374.0,95,ARIDOS SIERRA GORDA,,,
POL_97,303.0,97,MINA GUANACO,,,
POL_98,217.0,98,SANTO DOMINGO,,,
POL_99,21.0,99,PLANTA JOSE ANTONIO MORENO DE TALTAL,,,
POL_100,136.0,100,LOS CHANGOS - NITONA,,,
POL_101,551.0,101,PLANTA QUIMICA LA NEGRA,,,
POL_102,380.0,102,MINA BARREAL SECO,,,
POL_103,55.0,103,EXPLOTACION DE HIERRO SAN GABRIEL,,,
POL_104,380.0,104,PLANTA DE ÓXIDOS TALTAL,,,
POL_105,66.0,105,MINERA FRANKE,,,
POL_106,380.0,106,MINERA ALTAMIRA - AGUILUCHO,,,
POL_107,380.0,107,EXPLOTACION DE MINERALES DOÑA ELBA,,,
POL_108,67.0,108,PROYECTO MINERO SS-XAVIER 1 ESSEX HOLDINGS,,,
POL_109,380.0,109,LAS CENIZAS TALTAL (LAS LUCES),,,
POL_110,380.0,110,EXPLOTACION DE MINERALES MINA FLIOMENA,,,
POL_113,390.0,113,EXTRACCION DE ARENA DESDE SECTOR COSTERO LA RINCONADA,,,
POL_114,553.0,114,MINERA COMAHUE,,,
POL_115,145.0,115,PLANTA PROCESADORA DE METALES,,,
POL_116,48.0,116,PROCESAMIENTO MOLIBDENO MEJILLONES,,,
POL_117,27.0,117,PLANTA DE PROCESAMIENTO DE CONCENTRADO DE MOLIBDENO,,,
POL_118,411.0,118,EXTRACCION Y PROCESAMIENTO DE ARIDOS PLANTA CERRO GRIS,,,
POL_120,518.0,120,MINA ANGELICA,,,
POL_121,378.0,121,MINA PEDRO DE VALDIVIA,,,
POL_122,516.0,122,PROYECTO DE INVERSIONES MINERAS MARMOL TRAVERTINO,,,
POL_123,472.0,123,CANTERA ZORRO 8 Y ZORRO 9 DE MARMOLES SAN MARINO,,,
POL_124,473.0,124,EL ABRA,,,
POL_125,473.0,125,EL ABRA,,,
POL_126,373.0,126,AMPLIACION Y DESARROLLO DE FAENAS MINERAS EN TUINA - MINA DINKO,,,
POL_127,528.0,127,AUMENTO DE LA PRODUCCION DE SULFATO DE COBRE CRISTALIZADO,,,
POL_128,272.0,128,MINERA METÁLICA MANTO VERDE DE MANTOS COPPER,,,
POL_129,169.0,129,MINERA METÁLICA DON EDUARDO,,,
POL_130,554.0,130,CARRIZALILLO EXPLORACIÓN,,,
POL_131,555.0,131,PLANTA DE LIXIVIACION FLOR DE LIRIO,,,
POL_132,23.0,132,PLANTA SALADO ENAMI,,,
POL_133,23.0,133,PLANTA OSVALDO MARTINEZ DE CHANCADO,,,
POL_134,204.0,134,PLANTA CARMEN,,,
POL_135,123.0,135,MINA SAN DANIEL - HERMANDAD,,,
POL_136,123.0,136,MINA LA SUERTE SUKAMERIKA MINERALS LTDA,,,
POL_137,222.0,137,PLANTA NORA,,,
POL_138,85.0,138,MINERA MONTEGRANDE,,,
POL_139,127.0,139,MINERA METÁLICA DIEGO DE ALMAGRO - SIERRA NORTE,,,
POL_140,385.0,140,PLANTA FALDA VERDE,,,
POL_141,103.0,141,SAN LUIS PREFERIDA,,,
POL_142,338.0,142,MINERA VETA ESPERANZA,,,
POL_143,230.0,143,PATRICIA,,,
POL_144,64.0,144,MINERA BELLA ESTER,,,
POL_145,556.0,145,EXPLOTACION MINERA MORION 48,,,
POL_146,160.0,146,BERTA,,,
POL_147,42.0,147,SUMITOMO-PROSPECCION RADISS,,,
POL_148,529.0,148,MINERA LEJANO OESTE,,,
POL_149,529.0,149,SANTO DOMINGO,,,
POL_150,127.0,150,PROSPECCION GEOLOGICA CARMEN PAULINA,,,
POL_151,557.0,151,PLANTA EL DURAZNO,,,
POL_152,28.0,152,CODELCO SALVADOR - POTRERILLOS,,,
POL_153,558.0,153,SAN ANTONIO - MANTOS DE AGUA DE LA FALDA,,,
POL_154,493.0,154,MINERA AGUA DE LA FALDA - JERONIMO,,,
POL_155,559.0,155,INCA DEL ORO,,,
POL_156,23.0,156,CONDOR - MIRAFLORES,,,
POL_157,90.0,157,SALARES NORTE,,,
POL_158,351.0,158,KINROSS - NUEVA ESPERANZA,,,
POL_159,155.0,159,DELIRIO,,,
POL_160,18.0,160,MARIPOSA,,,
POL_162,44.0,162,PUERTO CALDERA,,,
POL_163,41.0,163,BELLAVISTA,,,
POL_164,213.0,164,PLANTA BAHIA INGLESA,,,
POL_165,211.0,165,PODER DE COMPRA PROCESAMIENTO Y EXPORTACION DE MINERALES DE HIERRO,,,
POL_166,398.0,166,PASCUA LAMA,,,
POL_167,348.0,167,EL MORRO,,,
POL_168,448.0,168,CMP- PLANTA PELLETS,,,
POL_169,494.0,169,CEMENTOS DE CHILE,,,
POL_170,448.0,170,LOS COLORADOS,,,
POL_171,560.0,171,ÁRIDOS Y EXCAVACIONES ARAYA,,,
POL_172,561.0,172,ÁRIDOS EL MURO,,,
POL_174,448.0,174,LOS CRISTALES,,,
POL_175,448.0,175,CERRO NEGRO CRISTALES,,,
POL_176,448.0,176,CRISTAL - LOMA CORTADERA,,,
POL_177,448.0,177,CRISTALES - MORRO ALQUINTA,,,
POL_178,300.0,178,EXPLOTACION DE MINERALES DE HIERRO DESDE DEPOSITOS ALUVIALES SECTOR LLANOS DE CRISTALES,,,
POL_179,300.0,179,MINA TUNILLA - LOS CRISTALES,,,
POL_180,243.0,180,PROYECTO CERRO BLANCO,,,
POL_181,367.0,181,EXPLODESA- EXTRACCION DE DESMONTES MINEROS DISTRITOS FRAGUITA Y EL MORADO,,,
POL_182,367.0,182,EL MORADO,,,
POL_183,111.0,183,ROCK EXPLORATION-PROSPECCION MINERA CACHIYUYO,,,
POL_184,448.0,184,ALCAPARRA,,,
POL_185,130.0,185,LA JAPONESA,,,
POL_186,23.0,186,PLANTA VALLENAR,,,
POL_187,158.0,187,PLANTA COBRE NORTE,,,
POL_188,537.0,188,RELINCHO COPPER- ANDES CENTRAL,,,
POL_189,334.0,189,MINA JOHANNA- CORTADERA,,,
POL_190,416.0,190,DOS AMIGOS,,,
POL_191,562.0,191,SOPROMIN DOMEYCO- PLANTA PROCESADORA DE MINERALES NO METALICOS,,,
POL_192,484.0,192,SACYR- EXTRACCION DE ARIDOS QUEBRADA CHAÑARAL,,,
POL_193,54.0,193,LA PRODUCTORA,,,
POL_194,18.0,194,SOBERANA,,,
POL_195,367.0,195,DOMEYKO,,,
POL_197,448.0,197,PROSPECTO PLEITO,,,
POL_198,367.0,198,MINA SANTA ROSA,,,
POL_199,341.0,199,DESVIO NORTE,,,
POL_200,564.0,200,ASOCIACION MINERA DOMEYCO,,,
POL_201,484.0,201,SACYR- EXTRACCION DE ARIDOS QUEBRADA EL ALGARROBAL,,,
POL_202,448.0,202,PLANTA METALÚRGICA MAGNETITA CMP,,,
POL_203,386.0,203,TIGRESA,,,
POL_204,397.0,204,CANDELARIA,,,
POL_205,238.0,205,NUEVA PLANTA MARIA ISABEL,,,
POL_206,565.0,206,PROYECTO MINERO TRANSITO,,,
POL_207,386.0,207,PLANTA LAS PINTADAS COMPAÑIA MINERA CARMEN BAJO,,,
POL_208,459.0,208,PLANTA SAN JOSÉ,,,
POL_209,362.0,209,CAROLA,,,
POL_211,470.0,211,MINA ALCARRAPOSA- CANDELARIA OJOS DEL SALADO,,,
POL_212,459.0,212,PUCOBRE-PLANTA SAN JOSÉ,,,
POL_213,459.0,213,VENADO SUR,,,
POL_214,388.0,214,COEMIN,,,
POL_215,186.0,215,CATANIA,,,
POL_216,567.0,216,PLANTA ELISA DE BORDOS,,,
POL_217,159.0,217,MINERA JILGUERO,,,
POL_218,23.0,218,PLANTA MANUEL ANTONIO MATTA RUIZ,,,
POL_219,568.0,219,"PROCESAMIENTO DE MINERALES Y RELAVES PARA LA EXTRACCION Y RECUPERACION DE ORO, PLATA Y COBRE",,,
POL_220,530.0,220,CASERONES,,,
POL_221,302.0,221,MARICUNGA - REFUGIO,,,
POL_222,229.0,222,CUENCA LAGUNA NEGRO FRANCISCO,,,
POL_223,253.0,223,SANTA CECILIA,,,
POL_224,203.0,224,EXPLORACION MINERA CASPICHE,,,
POL_225,241.0,225,LA PEPA,,,
POL_226,320.0,226,MINERA GHOM,,,
POL_227,265.0,227,MINERA FRONTERA DEL ORO,,,
POL_228,371.0,228,MINERA CYPRUS- EXPLORACION VICUÑA,,,
POL_229,253.0,229,BARRICK -CERRO CASALE,,,
POL_230,253.0,230,PROSPECCION LUCIANO BARRICK,,,
POL_231,209.0,231,PROSPECTO NÉMESIS,,,
POL_232,442.0,232,PROSPECCION CERRO MATTA,,,
POL_233,84.0,233,ANDINA MINERALS,,,
POL_234,189.0,234,PROSPECCION MINERA SIERRA LA SAL DE FORTUNE VALLEY,,,
POL_235,215.0,235,EL DORADO,,,
POL_236,61.0,236,LOBO - MARTE,,,
POL_237,61.0,237,LOBO MARTE,,,
POL_238,62.0,238,FENIX GOLD,,,
POL_240,52.0,240,MINA LA COIPA - RAJO PUREN,,,
POL_242,459.0,242,PUNTA DEL COBRE - VENADO NORTE,,,
POL_243,459.0,243,TRIUNFO,,,
POL_245,448.0,245,CERRO NEGRO NORTE,,,
POL_246,448.0,246,ADRIANITA,,,
POL_247,569.0,247,DOÑA EMA - CONDOR 1/2,,,
POL_248,129.0,248,CHAGO MARIO,,,
POL_249,230.0,249,FORTUNA,,,
POL_250,152.0,250,DAYMA ARIDOS,,,
POL_251,570.0,251,PLANTA SAN EDUARDO,,,
POL_252,366.0,252,SAN ESTEBAN I,,,
POL_253,363.0,253,PLANTA PUERTO RICO,,,
POL_254,571.0,254,PLANTA GUBIER MARAMBIO (VIRGINIA),,,
POL_255,163.0,255,GLOBAL MINING,,,
POL_256,459.0,256,MANTO NEGRO,,,
POL_257,73.0,257,MINERA OSO NEGRO - SAN FIERRO,,,
POL_259,59.0,259,PROYECTO CAL CHILE,,,
POL_260,249.0,260,SALARES MARICUNGA MINERALS,,,
POL_261,199.0,261,SIMBALIK GROUP INVERSIONES- SALAR MARICUNGA,,,
POL_262,29.0,262,EXPLORACIÓN SALAR DE MARICUNGA,,,
POL_263,122.0,263,ESPERANZA II,,,
POL_264,329.0,264,AMERICAN CANYON,,,
POL_265,135.0,265,SHECHURA MINNING-MINA JAVIERA,,,
POL_266,324.0,266,SOL NACIENTE,,,
POL_267,386.0,267,CMCB MANTOS COBRIZOS,,,
POL_268,459.0,268,PLANTA DE BENEFICIO BIOCOBRE,,,
POL_269,60.0,269,MINA OSORNINA,,,
POL_270,60.0,270,MINA RENACER-ORNELLA,,,
POL_271,102.0,271,PLANTA DON FITO,,,
POL_272,128.0,272,MINA RESGUARDO,,,
POL_273,105.0,273,PROYECTO MINERO PUQUIOS,,,
POL_274,449.0,274,MINA EL TOFO,,,
POL_275,87.0,275,PROYECTO DOMINGA NORTE Y SUR,,,
POL_276,368.0,276,FAENA EL MANTO,,,
POL_277,69.0,277,FAENA MOL,,,
POL_278,572.0,278,ARIDOS JOSE LUIS CORTES VELIZ,,,
POL_279,573.0,279,ARIDOS IVOCAR,,,
POL_280,574.0,280,ARIDOS APRISA,,,
POL_281,575.0,281,ARIDOS ROBERTO BARRAZA,,,
POL_282,576.0,282,ARIDOS ARISER,,,
POL_283,577.0,283,ARIDOS CORSAN,,,
POL_284,578.0,284,ARIDOS MILKO,,,
POL_285,579.0,285,ARIDOS LIN,,,
POL_286,527.0,286,EXTRACCION DE ARIDOS ACONCAGUA- HORMIGONES INDEPENDENCIA,,,
POL_287,580.0,287,ARIDOS SANTA ROSA,,,
POL_288,581.0,288,ARIDOS BIG FLOWER LTDA.,,,
POL_289,185.0,289,PAJONALES - ALTOVALSOL,,,
POL_290,582.0,290,ARIDOS GONZALEZ,,,
POL_291,346.0,291,FAENA LAMBERT - SAN LORENZO,,,
POL_292,485.0,292,MINERA NO METÁLICA PORYECTO EXTRACCION DE ARIDOS POZO SILVA,,,
POL_293,301.0,293,MINA EL ROMERAL,,,
POL_294,177.0,294,LLANOS DE ARQUEROS - TUGAL,,,
POL_295,86.0,295,PROSPECCION MINERA MANDALAY,,,
POL_297,584.0,297,PROCESAMIENTO DE GRANALLA ECOBLAST O BLASTOC,,,
POL_298,485.0,298,EXTRACCION DE ARIDOS POZO 10-RUTA D-43,,,
POL_299,462.0,299,MINERA FLORIDA,,,
POL_300,585.0,300,PLANTA SAN LUIS,,,
POL_301,120.0,301,FAENA LA CALCITA - GRACIELA - LA NIÑA,,,
POL_302,304.0,302,TECK CARMEN DE ANDACOLLO,,,
POL_303,375.0,303,DAYTON - MINA ANDACOLLO ORO,,,
POL_304,321.0,304,FAENA PONCE,,,
POL_305,586.0,305,PLANTA SANTA MARIA VERONICA,,,
POL_306,485.0,306,POZO ARIDOS EL MANZANO,,,
POL_307,587.0,307,PLANTA RELAVES ANDACOLLO GO SPA,,,
POL_308,417.0,308,MINERA LOS PINGOS,,,
POL_309,72.0,309,PLANTA MINERA PILAR,,,
POL_310,510.0,310,PLANTA DE CHANCADO PARA CALIZA,,,
POL_311,108.0,311,MINA LLANOS DEL TOFO,,,
POL_312,132.0,312,PROSPECCION MINERA LA HIGUERA,,,
POL_313,43.0,313,SAN JACINTO,,,
POL_314,112.0,314,PROSPECCION MINERA MESCALERO,,,
POL_315,182.0,315,VARILLA,,,
POL_316,277.0,316,FAENA TALCUNA,,,
POL_317,346.0,317,LIDIA - RENDIC,,,
POL_318,425.0,318,MANGANESOS ATACAMA S.A. (MARQUESA),,,
POL_319,276.0,319,MINERA TALCUNA,,,
POL_320,56.0,320,PROYECTO ALTURAS,,,
POL_321,399.0,321,PROYECTO MINERO TAMBO,,,
POL_322,489.0,322,MINERA LOS PELAMBRES,,,
POL_323,290.0,323,TRES VALLES,,,
POL_324,290.0,324,TRES VALLES,,,
POL_325,588.0,325,PLANTA MINERA DOÑA LEONOR,,,
POL_326,91.0,326,FAENA TAMBO DE ORO,,,
POL_327,264.0,327,MINERA ALTOS DE PUNITAQUI,,,
POL_328,589.0,328,DALMACIA,,,
POL_329,485.0,329,MINERA NO METALICA EXTRACCION DE ARIDOS ROMERALCILLO,,,
POL_330,24.0,330,FAENA DELTA ENAMI,,,
POL_331,24.0,331,FAENA DELTA,,,
POL_332,24.0,332,FAENA PANULCILLO,,,
POL_333,58.0,333,PLANTA EL DORADO,,,
POL_334,109.0,334,EL DORADO,,,
POL_335,72.0,335,SAN CAYETANO - MIRADOR,,,
POL_336,281.0,336,MINERA EL CHACO - LA CABRA - LA OVEJA,,,
POL_337,153.0,337,PLANTA LA VENTOLERA,,,
POL_338,281.0,338,PLANTA CHACO,,,
POL_340,364.0,340,PLANTA LAS VACAS,,,
POL_341,293.0,341,PROYECTO EL ESPINO,,,
POL_342,590.0,342,FAENA TUNQUEN (EX EL ALMENDRO),,,
POL_343,591.0,343,FAENA EL MAITEN,,,
POL_344,592.0,344,MINERA PIEDRAS BLANCAS (EX-TUNGA SUR),,,
POL_345,317.0,345,EL ESPINO - EL TRAPICHE - EL LLANO,,,
POL_346,356.0,346,MINERA PORTEZUELO,,,
POL_347,144.0,347,MINERA LLAHUIN,,,
POL_348,593.0,348,PLANTA SANTA TERESA,,,
POL_349,6.0,349,EL HUACHO,,,
POL_350,501.0,350,EXTRACCION DE ARIDOS DEL CURSO INFERIOR DEL RIO CHOAPA,,,
POL_351,37.0,351,FAENA HUENTELAUQUEN,,,
POL_352,594.0,352,MINERA FARELLONES,,,
POL_353,307.0,353,MINA PULLALI,,,
POL_354,394.0,354,PLANTA LA PATAGUA,,,
POL_355,595.0,355,PLANTA PROCESADORA DE MINERALES OXIDADOS DE COBRE COMPAÑIA MINERA BASSI LTDA.,,,
POL_356,394.0,356,MINERA METÁLICA MINA PEUMO,,,
POL_357,381.0,357,MINA CARMEN - MARGARITA,,,
POL_358,381.0,358,LAS CENIZAS CABILDO - SAUCE,,,
POL_359,429.0,359,MINA CERRO NEGRO,,,
POL_360,381.0,360,MINA DON JAIME,,,
POL_361,396.0,361,PLANTA CATEMU - CEMIN,,,
POL_362,369.0,362,MINA UVA,,,
POL_363,369.0,363,PLANTA DE CHANCADO EL BOLDO,,,
POL_364,369.0,364,MINA CARDENILLA,,,
POL_365,121.0,365,ÑILHUE,,,
POL_366,280.0,366,PLANTA BELLAVISTA,,,
POL_367,286.0,367,MINA EL SOLDADO,,,
POL_368,94.0,368,MINA EL NAVIO,,,
POL_369,286.0,369,MINA CAQUICITO,,,
POL_371,29.0,371,CODELCO - DIVISION ANDINA,,,
POL_372,285.0,372,LOS BRONCES - ANGLO AMERICAN SUR S.A.,,,
POL_374,332.0,374,MINERA PIMENTÓN,,,
POL_375,206.0,375,ARIDOS BOCO,,,
POL_376,198.0,376,ARIDOS SANTA ELISA,,,
POL_377,312.0,377,EXTRACCION Y PROCESAMIENTO ARIDOS MAGGI,,,
POL_378,347.0,378,CANTERA LAS GARZAS,,,
POL_379,423.0,379,PLANTA DE FLOTACION LOS MAITENES,,,
POL_380,596.0,380,PLANTA ARENEX,,,
POL_381,150.0,381,ARIDOS SANTA ANGELA,,,
POL_382,256.0,382,VIZCACHITAS,,,
POL_383,597.0,383,POZO LASTRERO FUNDO LA LIBERTAD,,,
POL_384,598.0,384,ARIDOS JORQPARD,,,
POL_385,33.0,385,MINERA NO METALICA ARIDOS ILUSTRE MUNICIPALIDAD DE LIMACHE,,,
POL_386,444.0,386,PLANTA DE EXTRACCION DE ARIDOS PETREOS,,,
POL_387,193.0,387,ARIDOS TULIO HENRIQUEZ,,,
POL_388,531.0,388,MINA EL TURCO,,,
POL_389,311.0,389,PROYECTO EMPRESTITO DE MATERIAL DE TERRAPLEN SANTA ROSA DE LA MAR,,,
POL_390,599.0,390,ARIDOS RIO MAIPO,,,
POL_391,26.0,391,TRANQUE OVEJERIA,,,
POL_392,248.0,392,ARIDOS TILTIL-FELIPE BRUCHER,,,
POL_393,242.0,393,SERCAL MINERALS,,,
POL_394,600.0,394,CACHINALES,,,
POL_395,106.0,395,PLANTA DE TRATAMIENTO CANTERA CHACABUCO,,,
POL_396,463.0,396,DCP TECNOQUIMICA S.A. (RECUPERACION DE POLVOS DE ACERO)-COLINA,,,
POL_397,403.0,397,PROCESAMIENTO DE ARIDOS-POZO PRINCESA,,,
POL_398,205.0,398,ARIDOS VICENTE GALAZ,,,
POL_400,218.0,400,EXTRACCION DE ARIDOS EN RIO COLINA- COLINA,,,
POL_401,202.0,401,PROCESAMIENTO DE ARIDOS QUARZO-COLINA,,,
POL_402,492.0,402,PLANTA DE PROCESAMIENTO Y EXTRACCION DE ROCAS CANTERA CERRO PORTEZUELO COLINA,,,
POL_403,26.0,403,EMBALSE DE RELAVES CAREN - EL TENIENTE,,,
POL_404,200.0,404,MINA LA FLORIDA,,,
POL_405,601.0,405,ARIDOS ARCOIRIS - BUIN,,,
POL_406,602.0,406,PLACERES DEL MAIPO,,,
POL_407,310.0,407,LAVADERO DE ORO MECANIZADO SANTA CECILIA,,,
POL_408,208.0,408,EXTRACCION DE ARIDOS EN RIO MAIPO-BUIN,,,
POL_409,207.0,409,EXTRACCION DE ARIDOS PUENTE LOS MORROS - BUIN,,,
POL_410,361.0,410,EXTRACCION DE ARIDOS SANTA GLORIA- SAN BERNARDO,,,
POL_411,483.0,411,EXTRACCION DE ARIDOS EL HUITE-BUIN,,,
POL_412,154.0,412,EXTRACCION DE ARIDOS PARA HORMIGON-BUIN,,,
POL_413,228.0,413,EXTRACCION DE ARIDOS TEMPLE- SAN BERNARDO,,,
POL_414,318.0,414,PROCESAMIENTO DE ARIDOS MINERA ROSARIO- SAN BERNARDO,,,
POL_415,415.0,415,EXTRACCION DE ARIDOS KM 45-65 SECTOR PUENTE MAIPO (HORMIGONES TRANSEX)-SAN BERNARDO,,,
POL_416,326.0,416,PLANTA DE PROCESAMIENTO Y EXTRACCION DE ARIDOS (MEGARIDOS)-SAN BERNARDO,,,
POL_417,413.0,417,EXTRACCION DE ARIDOS MINERA SANTA LAURA-SAN BERNARDO,,,
POL_418,479.0,418,MINERA LOS ESTEROS DE MARGA MARGA S.A. (RECUPERACION DE POZO DE EXTRACCION DE ARIDOS EN ABANDONO),,,
POL_419,273.0,419,EXPLORACION DE MINERA AURORA-SAN BERNARDO,,,
POL_420,410.0,420,EXTRACCION DE ARIDOS SECTOR PUENTE LOS MORROS (ARENAS Y RIPIOS SANTIAGO LTDA.)-SAN BERNARDO,,,
POL_421,34.0,421,EXTRACCION DE ARIDOS POZO LA SANCHINA-BUIN,,,
POL_422,413.0,422,EXPLOTACION DE ARIDOS MINERA SANTA LAURA-BUIN (RIO MAIPO KM 1650),,,
POL_423,522.0,423,MINERALES HARBOLITE CHILE LTDA. - QUILICURA,,,
POL_424,361.0,424,EXTRACCION DE POMACITA CANTERA FUNDO LA BOTELLA (ARIDOS SANTA GLORIA)-PUDAHUEL,,,
POL_425,481.0,425,EXTRACCION DE ARIDOS HACIENDA LAS CASAS (BESALCO)-PUDAHUEL,,,
POL_426,467.0,426,PROCESAMIENTO DE POMACITA-RIO CAUTIN S.A.,,,
POL_427,536.0,427,RELAVES LA AFRICANA-PUDAHUEL,,,
POL_428,508.0,428,ARIDOS MAIPU S.A.,,,
POL_429,124.0,429,MINERA ESPAÑOLA,,,
POL_430,188.0,430,EXTRACCION Y COMERCIALIZACION DE MINERALES INVERPAC,,,
POL_432,443.0,432,PLANTA DE PROCESAMIENTO Y EXTRACCION DE ARIDOS PROYECTO AL VIÑA (PETREOS S.A.),,,
POL_433,93.0,433,EXTRACCION DE ARIDOS CANTERA LA VIÑA,,,
POL_434,603.0,434,EXTRACCION DE ARIDOS RIO MAPOCHO SECTOR EL TREBAL-PADRE HURTADO,,,
POL_436,604.0,436,ARIDOS AGUSTIN MOZO VÍO,,,
POL_438,605.0,438,"PLANTA DE PROCESAMIENTO DE ARIDOS TAMAYO LTM, SECTOR LA PALMA",,,
POL_439,606.0,439,EXTRACCION EN CANTERA PAPAGALLO-TALAGANTE,,,
POL_440,607.0,440,MINERA TANGO,,,
POL_441,395.0,441,PLANTA LO VALDÉS (CHANCADO Y ACOPIO),,,
POL_442,395.0,442,MINA YESERAS,,,
POL_443,608.0,443,CHANCADO Y TRANSPORTE DE CALIZA MINERA JAVIERA,,,
POL_444,609.0,444,CANTERA PIEDRAS COLORADAS,,,
POL_445,610.0,445,EXTRACCION Y EXPLOTACION DE ARENAS DE RODADOS RIO MAIPO- SAN JOSE DE MAIPO,,,
POL_446,7.0,446,EXPLORACION MINERA LOS PICHES DE MINERA LOS PICHES-SAN JOSE DE MAIPO,,,
POL_447,345.0,447,ARIDOS FUNDO EL TOYO- SAN JOSE DE MAIPO,,,
POL_448,611.0,448,EXTRACCION DE ARIDOS RIO MAIPO,,,
POL_449,1.0,449,ARIDOS CATALAN,,,
POL_450,77.0,450,EXTRACCION ARIDOS BALMACEDA- SAN JOSE DE MAIPO,,,
POL_451,612.0,451,EXTRACCION ARIDOS INEL-PUENTE ALTO,,,
POL_452,495.0,452,MINERA LA PERLA-SAN JOSE DE MAIPO,,,
POL_453,336.0,453,EXPLORACIÓN MINERA ESCALONES,,,
POL_454,415.0,454,PLANTA DE ARIDOS MINERA ROSARIO-PUENTE ALTO,,,
POL_455,174.0,455,EXTRACCION DE ARIDOS TRAMO 43-34 Y BANCO DECANTADOR 40-37,,,
POL_456,414.0,456,PLANTA DE EXTRACCION DE ARIDOS BALTIERRA,,,
POL_457,613.0,457,PLANTA DE EXTRACCION DE ARIDOS SEMOT,,,
POL_458,614.0,458,PLANTA DE EXTRACCION DE ARIDOS REGEMAC,,,
POL_459,615.0,459,ARIDOS CAMARENA-MELIPILLA,,,
POL_460,616.0,460,ARIDOS TAMARENA-MELIPILLA,,,
POL_461,481.0,461,EXTRACCION DE ARIDOS EN SECTOR PUENTE INGENIERO MARAMBIO-MELIPILLA,,,
POL_462,519.0,462,PLANTA DE PROCESAMIENTO Y EXTRACCION DE ARIDOS RIO MAIPO SECTOR CONFLUENCIA CON ESTERO PUANGUE,,,
POL_463,617.0,463,ARIDOS TRANSVEG-MELIPILLA,,,
POL_464,618.0,464,ARIDOS HUILCO BAJO,,,
POL_465,535.0,465,EXTRACCION PUZOLANA MINERA RIO TENO-MELIPILLA,,,
POL_466,619.0,466,PLANTA EXTRACCION DE ARIDOS NELSON CONTRERAS GONGORA,,,
POL_467,118.0,467,CANTERA CERRO LO AGUILA,,,
POL_468,496.0,468,EXTRACCION DE ARIDOS RIO ANGOSTURA SECTOR PUENTE AGUILA NORTE (FERROVIAL AGROMAN CHILE S.A.)-PAINE,,,
POL_469,79.0,469,EXTRACCION MECANIZADA DE ARIDOS ISLA DE MAIPO,,,
POL_470,443.0,470,EXTRACCION DE ARIDOS PETREOS - BUIN,,,
POL_471,620.0,471,ARIDOS ARITERRA,,,
POL_472,621.0,472,EXTRACCION DE ÁRIDOS Y EXPLOTACIÓN MINERA RIO MAIPO-ISLA DE MAIPO,,,
POL_473,622.0,473,PLANTA DE ARIDOS ECAVAL,,,
POL_474,232.0,474,SIBELCO CHILE-LAMPA,,,
POL_475,623.0,475,CANTERA CERRO BLANCO,,,
POL_476,624.0,476,PLANTA EXTRACCION DE ARIDOS CERRO CHALLAY,,,
POL_477,279.0,477,MINERA MIRADOR DE BATUCO-LAMPA,,,
POL_478,509.0,478,EXTRACCION DE ARIDOS ESTERO PUANGUE (RUTAS DEL PACIFICO)- CUARACAVI,,,
POL_479,500.0,479,ARIDOS FERROVIAL-SAN FRANCISCO,,,
POL_480,422.0,480,PLANTA EL INGLES,,,
POL_481,625.0,481,ARIDOS SAN VICENTE-RANCAGUA,,,
POL_482,392.0,482,"MINERA NO METÁLICA EXTRACCIÓN DE ÁRIDOS DEL RÍO CACHAPOAL, KM -1,5 AL -2,5, SECTOR GULTRO",,,
POL_483,382.0,483,ARIDOS CACHAPOAL-OLIVAR,,,
POL_484,70.0,484,ARIDOS GUERRICO,,,
POL_485,328.0,485,ARIDOS CACHAPOAL-MACHALI,,,
POL_486,30.0,486,MINA EL TENIENTE Y FUNDICION CALETONES,,,
POL_487,30.0,487,EL TENIENTE,,,
POL_488,466.0,488,MINERA VALLE CENTRAL,,,
POL_489,466.0,489,TRANQUE DE RELAVES LAGUNA CAUQUENES MINA EL TENIENTE,,,
POL_490,500.0,490,ARIDOS RIO CACHAPOAL-DOÑIHUE,,,
POL_491,500.0,491,ARIDOS RIO CLARO,,,
POL_492,626.0,492,ARIDOS SAN VICENTE,,,
POL_493,89.0,493,ARIDOS PUENTE PEUMO-RIO CACHAPOAL,,,
POL_494,627.0,494,YACIMIENTO LA PATAGUA,,,
POL_495,236.0,495,ARIDOS PETROMAX,,,
POL_496,476.0,496,ARIDOS RIO LONTUE,,,
POL_497,628.0,497,MINERA NO METÁLICA ARIDOS RIO MAULE-SECTOR MELLICO Y PIEDRA DEL LOBO,,,
POL_498,437.0,498,PLANTA Y MINAS DE ARENAS SILICEAS,,,
POL_499,402.0,499,ARIDOS FOREL,,,
POL_500,402.0,500,ARIDOS SANTA MARTA,,,
POL_501,532.0,501,MINA LAS PIEDRAS,,,
POL_502,412.0,502,ARIDOS DRY MIX,,,
POL_503,224.0,503,Faena Chepica,,,
POL_504,629.0,504,ARIDOS LA ESPERANZA,,,
POL_505,630.0,505,ARIDOS BUENA VISTA,,,
POL_506,631.0,506,ARIDOS RIVERMAQ,,,
POL_507,632.0,507,ÁRIDOS LOS MAITENES,,,
POL_508,633.0,508,ARIDOS BADILLA EN RIO ACHIBUENO,,,
POL_509,151.0,509,ARIDOS CONSTRUCTORA SAN ANDRES,,,
POL_510,339.0,510,ARIDOS TRANSMARA,,,
POL_511,340.0,511,ÁRIDOS TRICAM SECTOR RIO LONGAVI,,,
POL_512,51.0,512,MINERA FARO CARRANZA - PIRAZZOLI - LOANCO,,,
POL_513,225.0,513,ARIDOS PLACILLA,,,
POL_514,139.0,514,PLANTA ARIDOS RINCONADA CHILLAN,,,
POL_515,267.0,515,PLANTA ARMIX LIMITADA,,,
POL_516,246.0,516,ARIDOS LIVIO MAGGI CHILLAN,,,
POL_517,237.0,517,ARIDOS FE BLANCA SAN CARLOS,,,
POL_518,283.0,518,EXTRACCION Y PROCESAMIENTO ARIDOS NAHUELTORO,,,
POL_519,503.0,519,EXTRACCION ARIDOS READY MIX SUR RIO ÑUBLE- SECTOR QUINCHAMALI,,,
POL_520,275.0,520,EXTRACCION MECANIZADA DE ARIDOS SECTOR CHONCHORAL- CIA MINERA LA ISLA,,,
POL_521,634.0,521,POZO DE ARIDOS EL LUCERO,,,
POL_522,455.0,522,EXTRACCION ARIDOS ABRATEC,,,
POL_523,455.0,523,EXTRACCION ARIDOS EN POZO LASTRERO- SECTOR RINCONADA PAL-PAL- ABRATEC,,,
POL_524,400.0,524,EXTRACCION ARIDOS LOS PINOS,,,
POL_525,635.0,525,ARIDOS SAN MARCOS,,,
POL_526,240.0,526,EXTRACCION ARIDOS SOPRAMAT CAUCE DEL RIO DIGUILLIN-SECTOR LOS TILOS,,,
POL_527,400.0,527,POZO ARIDOS RINCONADA DIGUILLIN,,,
POL_528,342.0,528,EXTRACCION MECANIZADA DE ARIDOS POZO NEBUCO,,,
POL_529,636.0,529,PLANTA DE ARIDOS COVADONGA,,,
POL_530,246.0,530,ARIDOS LIVIO MAGGIO CHILLAN,,,
POL_531,289.0,531,PLANTA CHANCADORA CONSTRUCTORA LAMAS,,,
POL_532,637.0,532,PLANTA DE ARIDOS EL MAITEN,,,
POL_533,400.0,533,CANTERA QUIRIHUE,,,
POL_534,533.0,534,EXTRACCION DE ARIDOS EL BOLDAL- RIO ÑUBLE EN CONFLUENCIA CON RIOS CHILLAN Y CHANGARAL,,,
POL_535,638.0,535,EXTRACCION DE ARIDOS RIO ÑUBLE,,,
POL_536,639.0,536,PLANTA CHANCADORA NUEVO CAMINO SAN CARLOS,,,
POL_537,504.0,537,EXTRACCION MECANIZADA DE ARIDOS LAJA,,,
POL_538,343.0,538,EXTRACCION ARIDOS RIO LAJA TRIBASA,,,
POL_539,640.0,539,EXTRACCION DE ARIDOS Y CHANCADORA- VISTA HERMOSA,,,
POL_540,487.0,540,CANTERA LAS PATAGUAS,,,
POL_541,258.0,541,EXTRACCION DE ARIDOS INVERSIONES DE LA ROCA SPA-CABRERO,,,
POL_542,487.0,542,CANTERA TOMECO,,,
POL_543,641.0,543,POZO LASTRERO LOS PERROS,,,
POL_544,259.0,544,EXTRACCION DE ARIDOS HUALQUI SECTOR OMER HUET,,,
POL_545,514.0,545,ARENERA ARIDOS BIOBIO SA,,,
POL_546,319.0,546,EXTRACCION DE ARENAS RIBERA NORTE ARENAS COSTANERA BIOBIO,,,
POL_547,39.0,547,COMPAÑIA MINERA TRIDENTE,,,
POL_548,409.0,548,ARENERA PRICE,,,
POL_549,161.0,549,ARENERA DEL PACIFICO LTDA,,,
POL_550,534.0,550,ARENERA RIO BIOBIO EL BOLDAL,,,
POL_551,445.0,551,CANTERAS LONCO,,,
POL_552,13.0,552,EXTRACCION DE ARIDOS RIO BIOBIO COSTANERA CONCEPCION-CHIGUAYANTE,,,
POL_553,184.0,553,CANTERA JOSE MARIA,,,
POL_554,387.0,554,CANTERA EL BOLDO,,,
POL_555,5.0,555,CANTERA SANTA BARBARA,,,
POL_556,642.0,556,EXTRACCION Y PROCESAMIENTO DE ARIDOS CANTERA SANTA ROSA,,,
POL_557,141.0,557,CANTERA FUNDO PALCO CHUPONAL,,,
POL_558,643.0,558,EXTRACCION DE ARIDOS EN EL KILOMETRO 21 DE LA RUTA 160 PARQUE INDUSTRIAL UNO ESCUADRON,,,
POL_559,5.0,559,CANTERA PATAGUAL DITONER,,,
POL_560,644.0,560,EXTRACCION ARIDOS NELSON BETANZO SAEZ,,,
POL_561,57.0,561,CANTERA EMPRESTITO LOS DURAZNOS Y LOS CASTAÑOS,,,
POL_562,57.0,562,CANTERA EMPRESTITO MOLINO DEL SOL,,,
POL_563,645.0,563,MOLINO DE SOL,,,
POL_564,401.0,564,CANTERA LAS CORRIENTES,,,
POL_565,646.0,565,EXTRACCION ARIDOS CEFERINO SAEZ- ARAUCO,,,
POL_566,647.0,566,ARIDOS RIO TRONGOL- ARAUCO,,,
POL_567,387.0,567,CANTERA EL DESCABEZADO,,,
POL_568,424.0,568,CANTERA MINERA CLARA,,,
POL_569,456.0,569,Emprésito,,,
POL_570,126.0,570,ARIDOS RIO TRONGOL,,,
POL_571,231.0,571,POZO LASTRERO MESAMAVIDA,,,
POL_572,456.0,572,EXTRACCION ARIDOS ABICE,,,
POL_573,648.0,573,EXTRACCION DE ARIDOS SECTOR LA SUERTE,,,
POL_574,428.0,574,EXTRACCION MECANIZADA DE ARIDOS FUNDO TRALPENES,,,
POL_575,234.0,575,EXTRACCION DE ARIDOS POZO GALLEGOS,,,
POL_576,428.0,576,EXTRACCION Y PLANTAS DE PROCESAMIENTO DE ARIDOS SECTOR EL SAUCE,,,
POL_577,649.0,577,EXTRACCION DE ARIDOS EN EL RIO BIO-BIO SECTOR MIRADOR DEL BIO-BIO,,,
POL_578,650.0,578,PLANTA ARIDOS POZO LASTRERO NPSH MULCHEN,,,
POL_579,343.0,579,EXTRACCION MECANIZADA DE ARIDOS RIO BIO-BIO SECTOR SAN CARLOS DE PUREN,,,
POL_580,651.0,580,EXTRACCION MECANIZADA DE ARIDOS FUNDO RESERVA EL PROGRESO SECTOR DUQUECO,,,
POL_581,171.0,581,EXTRACCION ARIDOS SECTOR LA ISLA,,,
POL_582,652.0,582,EXTRACCION DE ARIDOS LA ISLA,,,
POL_583,216.0,583,EXTRACCION ARIDOS RIO BIOBIO SECTOR LA SUERTE,,,
POL_584,653.0,584,PROYECTO EXTRACCION DE ARENA DE POZO LASTRERO FUNDO SANTA GREGORIA,,,
POL_585,654.0,585,EXTRACCION DE ARIDOS HELENA ZAPATA E.I.R.L,,,
POL_586,655.0,586,EXTRACCION DE ARIDOS RODRIGO MEDINA,,,
POL_587,234.0,587,EXTRACCION DE ARIDOS SECTOR AVARIA,,,
POL_588,95.0,588,CANTERA FUNDO LO ALFARO,,,
POL_589,656.0,589,EXTRACCION ARIDOS SEGUNDA ZONA NAVAL THNO,,,
POL_590,482.0,590,EXTRACCION DE ARIDOS RIO ANDALIEN-BESALCO,,,
POL_591,269.0,591,EXTRACCION ARIDOS SECTOR BOCA SUR INGEMAC-SPP,,,
POL_592,101.0,592,EXTRACCION DE ARENAS DEL RIO BIO BIO - INCHILE,,,
POL_593,167.0,593,CANTERA FUNDO EL PELLÍN ÁRIDOS LEON ZAVALA,,,
POL_594,454.0,594,EXTRACCION ARIDOS FORESTAL CRECEX- SECTOR LAS NIEVES,,,
POL_595,140.0,595,EXTRACCION DE ARIDOS FUNDO LANDA,,,
POL_596,657.0,596,EXTRACCION Y PROCESAMIENTO DE ARIDOS DESDE POZO LASTRERO SECTOR MUNILQUE,,,
POL_597,428.0,597,EXTRACCION MECANIZADA DE ARIDOS FUNDO NIHUINCO,,,
POL_598,428.0,598,EXTRACCION ARIDOS FUNDO SAN JOSE ORIENTE,,,
POL_599,156.0,599,EXTRACCION DE ARIDOS FUNDO SANTA ROSA DE HIDROMAQ,,,
POL_600,288.0,600,PLANTA ARIDOS SERVITERRA SECTOR HUEPIL,,,
POL_601,534.0,601,EXTRACCION MECANIZADA ARIDOS EL PEDREGAL,,,
POL_602,487.0,602,CANTERA POZO CRUZ DE PIEDRA,,,
POL_603,658.0,603,EXTRACCION DE ARIDOS SECTOR EL LABRADOR,,,
POL_604,659.0,604,EXTRACCION DE ARIDOS INVERSIONES PIEDRAS NEGRAS,,,
POL_605,133.0,605,POZO LASTRERO EL TRANQUE,,,
POL_606,660.0,606,PLANTA DE ARIDOS SIERRA NEVADA DE ANGOL,,,
POL_607,661.0,607,ARIDOS LOTEO VALLE DE SAN JUAN ANGOL,,,
POL_608,662.0,608,MINERA NO METÁLICA ÁRIDOS EN PARCELA PANGUECO SECTOR CHACAICO,,,
POL_609,663.0,609,EXTRACCION Y PROCESAMIENTO DE ARIDOS SAN JOSE DE CANCURA,,,
POL_610,664.0,610,POZO DE ARIDOS TROMEN,,,
POL_611,665.0,611,POZO DE ARIDOS FERRETI,,,
POL_612,666.0,612,EXTRACCION ARIDOS POZO LOS SAUCES,,,
POL_613,667.0,613,EXTRACCION Y PROCESAMIENTO DE ARIDOS POZO EL SAUCE,,,
POL_614,142.0,614,EXTRACCION ARIDOS CHUFQUEN TRAIGUEN,,,
POL_615,668.0,615,ARIDOS FELIX MOLINA CURACAUTIN,,,
POL_616,669.0,616,EXTRACCION DE ARIDOS CAÑON DEL BLANCO,,,
POL_617,670.0,617,EXTRACCION DE ARIDOS SECTOR PUNTA NEGRA,,,
POL_618,671.0,618,EXTRACCION DE ARIDOS CUESTA PIEDRAS BLANCAS,,,
POL_619,672.0,619,ARIDOS LUIS RUBILAR,,,
POL_620,498.0,620,POZO LA CANTERA RIO CAUTIN LAUTARO,,,
POL_621,673.0,621,EXTRACCION MECANIZADA DE ARIDOS GALLARDO,,,
POL_622,674.0,622,EXTRACCION DE ARIDOS MACOGA SECTOR SANTA INES KM 3,,,
POL_623,675.0,623,ARIDOS NUEVA ERA LAUTARO,,,
POL_624,676.0,624,ARIDOS LLAIMA INGENIERIAS LAUTARO,,,
POL_625,46.0,625,EXTRACCION DE ARIDOS RIO CAUTIN-CANTERA LAUTARO,,,
POL_626,179.0,626,ARIDOS URBANOS SPA,,,
POL_627,2.0,627,ARIDOS MAQUEHUE,,,
POL_628,446.0,628,EXTRACCION DE ARIDOS RIO CAUTIN SECTOR RENGALIL,,,
POL_629,498.0,629,ARIDOS RIO CAUTIN POZO NILQUILCO,,,
POL_630,349.0,630,EXTRACCION DE ARIDOS LA FRONTERA,,,
POL_631,354.0,631,EXTRACCION DE ARIDOS OÑATE,,,
POL_632,677.0,632,POZO DE ARIDOS MIRTA FUTALEF-PITRUFQUEN,,,
POL_633,178.0,633,EXTRACCION DE ARIDOS TERRANOVA LTDA.,,,
POL_634,678.0,634,POZO LASTRERO LOS GALPONES (POZO POLANCO) DE PITRUFQUEN,,,
POL_635,350.0,635,POZO LASTRE ARIMIX,,,
POL_636,679.0,636,ARIDOS GLADYS LIEMPI,,,
POL_637,350.0,637,EXTRACCION DE ARIDOS ARIMIX SECTOR PUTUE BAJO,,,
POL_638,680.0,638,EXTRACCION DE ARIDOS POZO ÑANCUPAN,,,
POL_639,681.0,639,EXTRACCION DE ARIDOS POZO ISRAEL,,,
POL_640,682.0,640,POZO DE ARIDOS HUINCACARA,,,
POL_641,35.0,641,POZO PUTÚE MUNICIPALIDAD VILLARRICA,,,
POL_642,309.0,642,ARIDO LONCOCHE,,,
POL_643,683.0,643,EXTRACCION ARIDOS FUNDO TORREON LONCOCHE,,,
POL_644,684.0,644,AUMENTO DE EXTRACCION Y PROCESAMIENTO POZO EL VALLE,,,
POL_645,431.0,645,EXTRACCION DE ARIDOS CERRO LA PIEDRA,,,
POL_646,195.0,646,POZO ARIDOS ARIMATUS (CURARREHUE),,,
POL_647,685.0,647,ARIDOS NAVARRO SECTOR BAJO ALLIPEN,,,
POL_648,4.0,648,PROCESO DE SECADO DE MINERAL,,,
POL_649,686.0,649,ARIDOS CAIVICO,,,
POL_650,173.0,650,EXTRACCION DE ARIDOS RUCOL,,,
POL_651,497.0,651,ARIDOS READY MIX,,,
POL_652,687.0,652,ARIDOS IMULFUDI,,,
POL_653,196.0,653,PUMILLAHUE,,,
POL_654,391.0,654,ARIDOS CIRUELOS,,,
POL_655,71.0,655,ARIDOS CIRUELOS 2,,,
POL_656,322.0,656,ARIDOS LAS CAMELIAS,,,
POL_657,461.0,657,ARIDOS EL PASTOR,,,
POL_658,688.0,658,ARIDOS PANCUL,,,
POL_659,327.0,659,ARIDOS PAILLACO 2,,,
POL_660,490.0,660,EXPLOTACION DE ARIDOS,,,
POL_661,689.0,661,ARIDOS PAILLACO,,,
POL_662,308.0,662,ARIDOS ESPERANZA,,,
POL_663,690.0,663,MACA SERVICIOS,,,
POL_664,691.0,664,ÁRIDOS ANCUD,,,
POL_665,692.0,665,AUMENTO DE EXTRACCION Y PROCESAMIENTO POZO VEGA TERCERA,,,
POL_666,148.0,666,ARIDOS POZO COLUMO,,,
POL_667,693.0,667,ARIDOS ARTURO PRAT,,,
POL_668,172.0,668,ARIDOS VICAT POZO CACHILLAHUE,,,
POL_669,694.0,669,ARIDOS MANTILHUE,,,
POL_670,172.0,670,ARIDOS VICAT POZO NALCAHUE,,,
POL_671,148.0,671,ARIDOS VICAT,,,
POL_672,695.0,672,ARIDOS FREDY CARCAMO,,,
POL_673,11.0,673,ARIDOS RUTA T-35,,,
POL_674,696.0,674,ARIDOS TRICAM ANTILHUE,,,
POL_675,697.0,675,ARIDOS GUAL,,,
POL_676,698.0,676,MULPUN,,,
POL_677,391.0,677,ARIDOS VALDICOR,,,
POL_678,699.0,678,POZO FROHLICH,,,
POL_679,700.0,679,ARIDOS TRES FIORDOS,,,
POL_680,701.0,680,POZO DE ARIDOS LOS CIERVOS,,,
POL_681,702.0,681,ARIDOS HADIDA,,,
POL_682,12.0,682,EMPRESTITO LOS MELIES,,,
POL_683,491.0,683,CONSTRUCTORA SOCOVESA,,,
POL_684,97.0,684,ARIDOS DOWLING & SCHILLING SECTOR EL ALMUD,,,
POL_685,97.0,685,AMPLIACION DE EXTRACCION DE ARIDOS EN EL RIO RAHUE SECTOR FUNDO EL ALMUD - SAN FLORENTINO,,,
POL_686,703.0,686,ARIDOS CAIPULLI,,,
POL_687,97.0,687,ARIDOS DOWLING & SCHILLING SECTOR CANCURA,,,
POL_688,704.0,688,MINERA NO METÁLICA PROYECTO EXTRACCIÓN Y PROCESAMIENTO DE ÁRIDOS EMPRÉSTITO SCHILLING,,,
POL_689,705.0,689,AGRICOLA Y ARIDOS CANCURA,,,
POL_690,706.0,690,ARIDOS MOVITEX PICHIDAMAS,,,
POL_691,421.0,691,AMPLIACION PLANTA EXTRACCION DE ARIDOS BROTEC,,,
POL_692,707.0,692,ARIDOS MOVITEX CORRAL DEL SUR,,,
POL_693,708.0,693,EMPRESTITO FUNDO CHACAYAL,,,
POL_694,227.0,694,ARIDOS KÓBERL,,,
POL_695,511.0,695,ARIDOS PETROMINN (PLANTA LAJA),,,
POL_696,175.0,696,ARIDOS TEPUAL PUERTO MONTT,,,
POL_697,266.0,697,EXTRACCION DE ARIDOS POZO MALDONADO,,,
POL_698,709.0,698,ARIDOS CONSTRUCTORA RIO NEGRO,,,
POL_699,491.0,699,PROYECTO PLANTA Y EXPLOTACION DE ARIDOS LA VARA-SENDA SUR,,,
POL_700,219.0,700,ARIDOS LUIS NAVARRO,,,
POL_701,266.0,701,EMPRESTITO SENDA SUR LA VARA,,,
POL_702,266.0,702,EXTRACCION DE ARIDOS POZO MARQUEZ,,,
POL_703,710.0,703,PLANTA DE ARIDOS Y ASFALTO-RECONDO,,,
POL_704,711.0,704,POZO DE ARIDOS MONRROY,,,
POL_705,88.0,705,EMPRESTITO 1029.000,,,
POL_706,88.0,706,EMPRESTITO URIBE,,,
POL_707,294.0,707,ARIDOS INVERSIONES DOÑA ERMELINDA SPA,,,
POL_708,88.0,708,EMPRESTITO 1039.200,,,
POL_709,712.0,709,PLANTA DE EXTRACCION DE ARIDOS SECTOR DE ALTO BONITO,,,
POL_710,713.0,710,EXTRACCION DE ARIDOS PREDIO CARDONAL BAJO,,,
POL_711,88.0,711,EMPRESTITO MELLA,,,
POL_712,407.0,712,EMPRESTITO LAGO CHAPO-RECONDO,,,
POL_713,266.0,713,PLANTA DE ARIDOS CHIN-CHIN,,,
POL_714,88.0,714,EMPRESTITO CABRERO,,,
POL_715,714.0,715,EXTRACCION Y PROCESAMIENTO DE ARIDOS SECTOR LA CAMPANA,,,
POL_716,88.0,716,EMPRESTITO SOTO DRAGADOS CVV CONSTRUCTORA S.A.,,,
POL_717,511.0,717,MINERA NO METÁLICA EXTRACCIÓN Y PROCESAMIENTO DE ÁRIDOS DESDE POZO LASTRERO SECTOR PARGUA,,,
POL_718,88.0,718,EMPRESTITO GUNDERT,,,
POL_719,88.0,719,EMPRESTITO MILLAQUEN,,,
POL_720,88.0,720,EMPRESTITO LOS LINGUES,,,
POL_721,88.0,721,EMPRESTITO AVELLANAL,,,
POL_722,88.0,722,EMPRESTITO SOTOMAYOR,,,
POL_723,244.0,723,EXTRACCION DE ARIDOS MOVITEX- RUTA W160 ANCUD,,,
POL_724,715.0,724,ARIDOS BITUMIX DALCAHUE,,,
POL_725,716.0,725,EXTRACCION DE TURBA DEL SUR,,,
POL_726,717.0,726,ARIDOS HORMIGONES DEL SUR,,,
POL_727,507.0,727,EMPRESTITO PELLINES,,,
POL_728,718.0,728,EMPRÉSTITO EL VARAL Y PLANTA CHANCADORA EL CISNE,,,
POL_729,719.0,729,PLANTA CHANCADORA EL CISNE,,,
POL_730,458.0,730,MINA PECKET,,,
POL_731,720.0,731,POZO LASTRERO HUGO ROJAS (ANUBIS),,,
POL_732,721.0,732,CANTERA LOS CALAFATES,,,
POL_733,526.0,733,CANTERA II RÍO SECO,,,
POL_734,722.0,734,POZO LASTRERO VASQUEZ,,,
POL_735,306.0,735,CANTERA VILICIC,,,
POL_736,282.0,736,CANTERA EL REBENQUE,,,
POL_737,723.0,737,EX POZO LASTRERO PONTENOVA,,,
POL_738,157.0,738,POZO LASTRERO IHNEN,,,
POL_739,433.0,739,YACIMIENTO ESPERANZA,,,
POL_740,282.0,740,POZO EMPRESTITO ZUÑIGA,,,
POL_741,438.0,741,POZO EMPRESTITO CARDENAS,,,
POL_742,438.0,742,POZO EMPRESTITO HERNANDEZ,,,
POL_743,306.0,743,POZO EMPRESTITO LAGUNA AMARGA,,,
POL_744,420.0,744,CANTERAS ESTANCIA TRES PASOS Y KM 2739 DESDE PUERTO NATALES,,,
POL_745,53.0,745,BLOQUE TRANQUILO,,,
POL_746,168.0,746,MINAS LAGUNA Y LOAYZA,,,
POL_747,168.0,747,MINA BITSCH,,,
POL_748,372.0,748,CANTERA LOFFER,,,
POL_749,526.0,749,POZO LASTRERO SANTA RITA,,,
POL_750,263.0,750,POZO LASTRERO Y PLANTA DE ARIDOS - FERNANDEZ,,,
POL_751,513.0,751,MINA INVIERNO,,,
POL_752,114.0,752,MINA CUTTER COVE,,,
POL_753,526.0,753,POZO LASTRERO MUÑIZ II,,,
POL_754,439.0,754,POZO LASTRERO MUÑIZ,,,
POL_755,526.0,755,CANTERA ALEGRIA-HERMOSILLA,,,
POL_756,344.0,756,SAN JUAN,,,
POL_757,433.0,757,COMPLEJO INDUSTRIAL MULTIBOYA DE GREGORIO,,,
POL_758,50.0,758,BLOQUE BROTULA,,,
POL_759,433.0,759,BLOQUES DORADO-PUERTO SARA Y RIQUELME-MANZANO,,,
POL_760,107.0,760,BLOQUE FELL,,,
POL_761,107.0,761,PLANTA KIMIRI AIKE,,,
POL_762,433.0,762,POZO DANUEL ESTE X5 Y ALMEJA J,,,
POL_763,433.0,763,BLOQUE FELL - ENAP,,,
POL_764,107.0,764,BLOQUE FELL-GEOPARK,,,
POL_765,306.0,765,POZO EMPRESTITO LA ITALIANA,,,
POL_766,306.0,766,POZO EMPRESTITO TAFRA,,,
POL_767,523.0,767,TURBERA CAMERON,,,
POL_768,306.0,768,POZO EMPRESTITO AURORA,,,
POL_769,306.0,769,POZO EMPRESTITO TRES LAGOS,,,
POL_770,724.0,770,EXTRACCION DE ARIDOS ENSENADA VALLE SIMPSON,,,
POL_771,725.0,771,EXTRACCION DE ARIDOS VILLA LAGO ATRAVESADO,,,
POL_772,726.0,772,PLANTA DE ARIDOS HUICHALAO,,,
POL_773,727.0,773,EXTRACCION ARIDOS CAMINO LAGO ATRAVESADO (PREDIO MATA),,,
POL_774,728.0,774,EXTRACCION DE ARIDOS SALTO CHICO,,,
POL_775,729.0,775,EXTRACCION DE ARIDOS RIO CLARO,,,
POL_776,730.0,776,POZO EXTRACCION DE ARIDOS FINLEZ AYSEN,,,
POL_777,247.0,777,MINERA EL TOQUI,,,
POL_778,731.0,778,EXTRACCION DE ARIDOS LA PONDEROSA (RIBERA RIO CISNES),,,
POL_779,433.0,779,SECTOR LAGO MERCEDES,,,
POL_780,433.0,780,POZO CARACOL B,,,
POL_781,433.0,781,BLOQUE CAUPOLICAN,,,
POL_782,306.0,782,POZO EMPRESTITO CUEVAS,,,
POL_783,162.0,783,MINA CORDON BAQUEDANO - LAVADERO DE ORO DANYKA,,,
POL_784,162.0,784,LAVADERO DE ORO DANYKA 7,,,
POL_785,162.0,785,LAVADERO DE ORO DANYKA,,,
POL_786,433.0,786,BLOQUE ARENAL,,,
POL_787,116.0,787,BLOQUE ISLA NORTE,,,
POL_788,433.0,788,YACIMIENTOS CULLEN VICTORIA SUR Y CATALINA,,,
POL_789,433.0,789,GRUPO DE YACIMIENTOS ZONAS ARENAL E INTERCAMPO CULLEN,,,
POL_790,433.0,790,BLOQUE INTRACAMPOS,,,
POL_791,433.0,791,SUBAREAS C1 EN CONTINENTE Y T1 EN TIERRA DEL FUEGO,,,
POL_792,116.0,792,BLOQUE CAMPANARIO,,,
POL_793,433.0,793,POZOS REINYECTORES DE AGUA AREA ISLA,,,
POL_794,433.0,794,POZOS PO T-A PO T-B CO-TA Y CA T-A TERCIARIO POSESION,,,
POL_795,433.0,795,YACIMIENTO DANIEL,,,
POL_796,433.0,796,YACIMIENTO POSESION,,,
POL_797,282.0,797,POZO EMPRESTITO LA CHIMBA,,,
POL_798,520.0,798,PLANTA COLCAUSA S.A.,,,
POL_799,116.0,799,BLOQUE FLAMENCO,,,
POL_800,119.0,800,BLOQUE SAN SEBASTIAN,,,
POL_801,433.0,801,POZO AGUILA 1,,,
POL_802,45.0,802,BLOQUES LENGA Y RUSSFIN,,,
POL_803,433.0,803,POZOS ALMEJA J2 Y K,,,
POL_804,201.0,804,SONDAJE MINERO JEINIMENI,,,
POL_805,331.0,805,MINERA CERRO BAYO,,,
POL_806,732.0,806,EXTRACCION DE ARIDOS BALMACEDA,,,
POL_807,733.0,807,POZO LASTRERO EL RECREO,,,
POL_808,734.0,808,POZO LASTRERO KM 14 PUERTO AYSEN,,,
POL_809,735.0,809,EXTRACCION DE ARIDOS POZO EL ESPEJO,,,
POL_810,736.0,810,EXTRACCION DE ARIDOS - POZO HERNANDEZ,,,
POL_811,380.0,811,LAS CENIZAS TALTAL (LAS LUCES),,,
POL_812,255.0,812,PROYECTO MINERO ATACAMA KOZAN- EL BRONCE DE ATACAMA,,,
POL_9990,,9990,Area de mina norte 5 nueva victoria,,,
POL_9991,,9991,MINA SAN CRISTOBAL,,,
POL_900001,307.0,900001,PLANTA PULLALLI,,,
POL_900002,276.0,900002,PLANTA CONDORIACO,,,
POL_900003,27.0,900003,DIVISIÓN MINISTRO HALES,,,
POL_900004,27.0,900004,MINISTRO SUR,,,
POL_900005,27.0,900005,RADOMIROC TOMIC,,,
POL_900007,,900007,MONTECRISTO,,,
POL_900008,,900008,MINA POMPEYA,,,
POL_900009,,900009,FAENA MICHILLA - FLORIDA,,,
POL_900010,,900010,CAROLINA,,,
POL_900011,,900011,PLANTA INDUSTRIAL MARIA ELENA,,,
POL_900012,,900012,FUNDICIÓN ALTONORTE,,,
POL_900013,,900013,DOÑA ELBA,,,
POL_900014,,900014,JULIA,,,
POL_900015,,900015,DIVISIÓN GABRIELA MISTRAL,,,
POL_900016,,900016,FORTUNA,,,
POL_900017,,900017,EXPLORACIÓN SUBTERRÁNEA LAGUNA,,,
POL_900018,,900018,ALMANCAYA,,,
POL_900019,,900019,PLANTA ERCILLA - CHOPE,,,
POL_900020,,900020,COMAHUE,,,
POL_900021,,900021,EL WAY,,,
POL_900022,,900022,SAN JOSÉ,,,
POL_900023,,900023,PLANTA COCHRANE,,,
POL_900024,,900024,PLANTA BORATOS NUDO URIBE,,,
POL_900025,,900025,CONSTANZA,,,
POL_900026,,900026,PAMPA AUGUSTA VICTORIA,,,
POL_900028,,900028,SANTA EMA,,,
POL_900029,,900029,BELLAVISTA,,,
POL_900030,,900030,EL ALGARROBO,,,
POL_900031,,900031,FILIPINA NORTE - CAMINADA,,,
POL_900032,,900032,DIEGO DE ALMEYDA,,,
POL_900033,,900033,EL CRISTO,,,
POL_900034,,900034,EL ENCIERRO,,,
POL_900035,,900035,TERNERA - EL ZORRO,,,
POL_900036,,900036,LA CUESTA - FELIPE,,,
POL_900037,,900037,LA FAROLA,,,
POL_900038,,900038,EX-FUNDICIÓN HERNÁN VIDELA LIRA,,,
POL_900039,,900039,PLANTA MINERA ANITA - HELENA,,,
POL_900040,,900040,IRON BLACK - SAN GABRIEL,,,
POL_900041,,900041,LA MALLOCA - LA FAMOSA,,,
POL_900042,,900042,MANTOS DE COBRE,,,
POL_900043,,900043,PLANTA VIÑITA AZUL - COYOTE,,,
POL_900044,,900044,PLANTA DE CAL COPIAPÓ CEMENTOS BIO BIO,,,
POL_900045,,900045,PLANTA MARAY,,,
POL_900046,,900046,PLANTA PEDRO AGUIRRE CERDA CCMC,,,
POL_900047,,900047,PLANTA RIOSAL,,,
POL_900048,,900048,RELAVE DOMEYKO,,,
POL_900049,,900049,SALITROSA,,,
POL_900050,,900050,SANTOS,,,
POL_900051,,900051,SAN ANTONIO - CARACOLES,,,
POL_900052,,900052,PLANTA SAN ALEJANDRO (EX TRAPICHE),,,
POL_900053,,900053,YESO CORRAL,,,
POL_900054,,900054,ESCUKA EL BRILLADOR,,,
POL_900055,,900055,SANTA ROSA - ESTRELLA ORIENTAL,,,
POL_900056,,900056,PLANTA SANTO DOMINGO,,,
POL_900057,,900057,CINABRO - SAN ANDRÉS,,,
POL_900058,,900058,FAENA CLAUDIO ALBERTO- PLANTA RIVERA,,,
POL_900059,,900059,FAENA DELIRIO -EL TAMBOR,,,
POL_900060,,900060,EMELINA - TALCUNA,,,
POL_900061,,900061,FAENA ESCOBA - MASERVI,,,
POL_900062,,900062,CALIZAS DE QUILIMARI,,,
POL_900063,,900063,FAENA LINDEROS,,,
POL_900064,,900064,FAENA SOR TERESA,,,
POL_900065,,900065,FAENA TESORO,,,
POL_900066,,900066,ISABEL,,,
POL_900067,,900067,CHOLITO - ESPERANZA,,,
POL_900068,,900068,LAGUNAS,,,
POL_900070,,900070,PUERTO PATACHE - COLLAHUASI,,,
POL_900071,,900071,PUERTO PATACHE - QUEBRADA BLANCA,,,
POL_900072,,900072,BROWNFIELD CATEMU,,,
POL_900073,,900073,MAESTRANZA - EX FUNDICIÓN VENTANAS,,,
POL_900074,,900074,FUNDICIÓN CHAGRES,,,
POL_900075,,900075,EL BRONCE,,,
POL_900076,,900076,PLANTA CHINCOLCO,,,
POL_900077,,900077,PLANTA ED CHANCADO MOVIL KLEEMANN,,,
POL_900078,,900078,PILPILCO MINERALES - PARQUE INDUSTRIAL CURANILAHUE,,,
POL_900079,,900079,PLANTA CENTR DEMOSTRATIVO - INTERNEC CHILE,,,
POL_900080,,900080,PLANTA DE LAVADO CARBOMAT,,,
POL_900081,,900081,PLANTA PROCESO Y MINA SANTA DORILA,,,
POL_900082,,900082,LO AGUIRRE,,,
POL_900083,,900083,MAQUILA RELAVES FRESCOS DIV. ANDINA,,,
POL_900084,,900084,MINA DE PUZOLANA PUDAHUEL,,,
POL_900085,,900085,EL ROMERAL,,,
POL_900086,,900086,PLANTA POLCURA INTEGRADA,,,
POL_900087,,900087,PLANTA CHANCON,,,
