OBJECTID,ID_OA,NOMBRE,EMPRESA,REGION,COMUNA,MINERAL,TIPO,TAM_EMP,CAT_SERN,PUERTO,AUTO_STAT,OA_STAT,SERN_STAT,SERN_FAENA,SERN_INST,SERN_REC,REV_MAN,LONGITUD,LATITUD,OA_DIST_KM,SERN_DSTKM,ID_POLIGONO
9990,,Area de mina norte 5 nueva victoria,SQM NITRATOS S.A.,REGIÓN DE TARAPACÁ,POZO ALMONTE,No informado,Mina / faena,No informado,CATEGORIA A,No identificado,Revisar,Revisar,Sin coincidencia,POZO ALMONTE (MINAS  Y FAENA TEA),MINA NORTE,CALICHE (YODO),VALIDADO,-69.81488,-20.81691,,18.209,POL_9990
9991,,MINA SAN CRISTOBAL,MINERA SAN CRISTOBAL S.A,REGIÓN DE ANTOFAGASTA,SIERRA GORDA,No informado,Mina / faena,No informado,CATEGORIA D,No identificado,Posible,Revisar,Confirmado,MINERA SAN CRISTOBAL S.A.,MINA RAJO ABIERTO,OXIDOS DE COBRE,VALIDADO,-69.54402,-23.54886,,1.296,POL_9991
900007,,MONTECRISTO,METALURGIA SOLYMET SPA,REGIÓN DE ANTOFAGASTA,TALTAL,Cobre,Mina,No informado,,No identificado,Revisar,Revisar,Sin coincidencia,,,,VALIDADO,-70.3871397,-24.96234028,,,POL_900007
900008,,MINA POMPEYA,LARA RAMIREZ LTDA,REGIÓN DE ANTOFAGASTA,MEJILLONES,Cobre,Mina,No informado,,No identificado,Revisar,Revisar,Sin coincidencia,,,,VALIDADO,-70.22101739,-22.75431751,,,POL_900008
900009,,FAENA MICHILLA - FLORIDA,MINERA HMC S.A.,REGIÓN DE ANTOFAGASTA,MEJILLONES,Cobre,Mina,No informado,,No identificado,Revisar,Revisar,Sin coincidencia,,,,VALIDADO,-70.23401003,-22.72904025,,,POL_900009
900010,,CAROLINA,SLM ROJAS Y BLANCO,REGIÓN DE ANTOFAGASTA,MEJILLONES,Cobre,Mina,No informado,,No identificado,Revisar,Revisar,Sin coincidencia,,,,VALIDADO,-70.23122291,-22.71595361,,,POL_900010
900011,,PLANTA INDUSTRIAL MARIA ELENA,SQM INDUSTRIAL S.A.,REGIÓN DE ANTOFAGASTA,MARÍA ELENA,Caliche,Planta,No informado,,No identificado,Revisar,Revisar,Sin coincidencia,,,,VALIDADO,-69.65429646,-22.33771431,,,POL_900011
900012,,FUNDICIÓN ALTONORTE,COMPLEJO METALURGICO,REGIÓN DE ANTOFAGASTA,ANTOFAGASTA,No informado,Instalación minera,No informado,,No identificado,Revisar,Revisar,Sin coincidencia,,,,VALIDADO,-70.31868002,-23.82572804,,,POL_900012
900013,,DOÑA ELBA,MINERA LOS PORTALES,REGIÓN DE ANTOFAGASTA,TALTAL,Cobre,Mina,No informado,,No identificado,Revisar,Revisar,Sin coincidencia,,,,VALIDADO,-70.39500996,-25.61205152,,,POL_900013
900014,,JULIA,MINERA RENACER LTDA,REGIÓN DE ANTOFAGASTA,TALTAL,Cobre,Mina,No informado,,No identificado,Revisar,Revisar,Sin coincidencia,,,,VALIDADO,-70.27032777,-24.90286758,,,POL_900014
900015,,DIVISIÓN GABRIELA MISTRAL,CODELCO,REGIÓN DE ANTOFAGASTA,SIERRA GORDA,Cobre,Mina,No informado,,No identificado,Revisar,Revisar,Sin coincidencia,,,,VALIDADO,-68.81120806,-23.42987602,,,POL_900015
900016,,FORTUNA,MINERA MERIDIAN LIMITADA,REGIÓN DE ANTOFAGASTA,ANTOFAGASTA,Oro,Mina,No informado,,No identificado,Revisar,Revisar,Sin coincidencia,,,,VALIDADO,-69.58866285,-24.4194549,,,POL_900016
900017,,EXPLORACIÓN SUBTERRÁNEA LAGUNA,MINERA MERIDIAN,REGIÓN DE ANTOFAGASTA,ANTOFAGASTA,Oro,Mina,No informado,,No identificado,Revisar,Revisar,Sin coincidencia,,,,VALIDADO,-69.62171197,-24.4649605,,,POL_900017
900018,,ALMANCAYA,LARA RAMIREZ LTDA,REGIÓN DE ANTOFAGASTA,TALTAL,Oro,Mina,No informado,,No identificado,Revisar,Revisar,Sin coincidencia,,,,VALIDADO,-69.81263262,-25.56730727,,,POL_900018
900019,,PLANTA ERCILLA - CHOPE,"SOCIEDAD LARA Y COMPAÑIA, MONTE DE LUZ LIMITADA",REGIÓN DE ANTOFAGASTA,SIERRA GORDA,Cobre,Mina,No informado,,No identificado,Revisar,Revisar,Sin coincidencia,,,,VALIDADO,-69.9005892,-23.16486961,,,POL_900019
900020,,COMAHUE,LUIS GUERRERO GUERRERO,REGIÓN DE ANTOFAGASTA,ANTOFAGASTA,Cobre,Mina,No informado,,No identificado,Revisar,Revisar,Sin coincidencia,,,,VALIDADO,-70.2568807,-23.48937386,,,POL_900020
900021,,EL WAY,CBB CALES S.A.,REGIÓN DE ANTOFAGASTA,ANTOFAGASTA,Carbonato de calcio,Mina,No informado,,No identificado,Revisar,Revisar,Sin coincidencia,,,,VALIDADO,-70.37843201,-23.84393684,,,POL_900021
900022,,SAN JOSÉ,SOCIEDAD CONSTRUCTORA Y SERVICIOS IÑAKI LTDA.,REGIÓN DE ANTOFAGASTA,CALAMA,Cobre,Mina,No informado,,No identificado,Revisar,Revisar,Sin coincidencia,,,,VALIDADO,-68.43327684,-22.53601233,,,POL_900022
900023,,PLANTA COCHRANE,RIPIOS DE SIERRA GORDA,REGIÓN DE ANTOFAGASTA,SIERRA GORDA,Cobre,Mina,No informado,,No identificado,Revisar,Revisar,Sin coincidencia,,,,VALIDADO,-69.37207045,-22.94785375,,,POL_900023
900024,,PLANTA BORATOS NUDO URIBE,QUIBORAX S.A.,REGIÓN DE ANTOFAGASTA,ANTOFAGASTA,ULEXITA,Mina,No informado,,No identificado,Revisar,Revisar,Sin coincidencia,,,,VALIDADO,-70.25538112,-23.58801628,,,POL_900024
900025,,CONSTANZA,SCM COMPAÑIA MINERA CONSTANZA,REGIÓN DE ANTOFAGASTA,ANTOFAGASTA,Cobre,Mina,No informado,,No identificado,Revisar,Revisar,Sin coincidencia,,,,VALIDADO,-70.16262679,-23.46716533,,,POL_900025
900026,,PAMPA AUGUSTA VICTORIA,MINERA MERIDIAN LIMITADA,REGIÓN DE ANTOFAGASTA,ANTOFAGASTA,Oro,Mina,No informado,,No identificado,Revisar,Revisar,Sin coincidencia,,,,VALIDADO,-69.42977247,-24.19530969,,,POL_900026
900028,,SANTA EMA,SOC.MINERA SANTA EMA SPA.,REGIÓN DE ARICA Y PARINACOTA,ARICA,Cobre,Mina,No informado,,No identificado,Revisar,Revisar,Sin coincidencia,,,,VALIDADO,-70.2218644,-18.63648582,,,POL_900028
900029,,BELLAVISTA,GLOBAL COMODITIES SPA,REGIÓN DE ATACAMA,COPIAPO,Hierro,Mina,No informado,,No identificado,Revisar,Revisar,Sin coincidencia,,,,VALIDADO,-70.39704074,-27.25048305,,,POL_900029
900030,,EL ALGARROBO,ARAYA HERMANOS S.A.,REGIÓN DE ATACAMA,VALLENAR,Hierro,Mina,No informado,,No identificado,Revisar,Revisar,Sin coincidencia,,,,VALIDADO,-70.98504643,-28.80752513,,,POL_900030
900031,,FILIPINA NORTE - CAMINADA,JOSE LUIS CRESPO GARCIA,REGIÓN DE ATACAMA,FREIRINA,Cobre,Mina,No informado,,No identificado,Revisar,Revisar,Sin coincidencia,,,,VALIDADO,-70.88280425,-28.41011293,,,POL_900031
900032,,DIEGO DE ALMEYDA,COMPAÑIA MINERA POTRERILLOS LTDA,REGIÓN DE ATACAMA,DIEGO DE ALMAGRO,Cobre,Mina,No informado,,No identificado,Revisar,Revisar,Sin coincidencia,,,,VALIDADO,-70.01302854,-26.36178305,,,POL_900032
900033,,EL CRISTO,CALIDRA CHILE IMPORTACIONES MINERALES SPA,REGIÓN DE ATACAMA,COPIAPO,Carbonato de calcio,Mina,No informado,,No identificado,Revisar,Revisar,Sin coincidencia,,,,VALIDADO,-71.00851507,-27.76254482,,,POL_900033
900034,,EL ENCIERRO,ANTOFAGASTA MINERALS,REGIÓN DE ATACAMA,ALTO DEL CARMÉN,Cobre,Mina,No informado,,No identificado,Revisar,Revisar,Sin coincidencia,,,,VALIDADO,-69.88003317,-29.08047788,,,POL_900034
900035,,TERNERA - EL ZORRO,EL ZORRO S.C.M.,REGIÓN DE ATACAMA,CALDERA,Oro,Mina,No informado,,No identificado,Revisar,Revisar,Sin coincidencia,,,,VALIDADO,-70.59082238,-26.78423359,,,POL_900035
900036,,LA CUESTA - FELIPE,COMPAÑIA MINERA CHIPANA S.A.,REGIÓN DE ATACAMA,FREIRINA,Cobre,Mina,No informado,,No identificado,Revisar,Revisar,Sin coincidencia,,,,VALIDADO,-71.08918439,-28.90266461,,,POL_900036
900037,,LA FAROLA,SOCIEDAD TORRES FENERO LTDA,REGIÓN DE ATACAMA,COPIAPO,Cobre,Mina,No informado,,No identificado,Revisar,Revisar,Sin coincidencia,,,,VALIDADO,-70.35528891,-27.58951346,,,POL_900037
900038,,EX-FUNDICIÓN HERNÁN VIDELA LIRA,ENAMI,REGIÓN DE ATACAMA,COPIAPO,Cobre,Mina,No informado,,No identificado,Revisar,Revisar,Sin coincidencia,,,,VALIDADO,-70.25729639,-27.42007331,,,POL_900038
900039,,PLANTA MINERA ANITA - HELENA,SOCIEDAD MINERA HELENA EXPLORACIONES,REGIÓN DE ATACAMA,CHAÑARAL,Cobre,Mina,No informado,,No identificado,Revisar,Revisar,Sin coincidencia,,,,VALIDADO,-70.38650049,-26.76836094,,,POL_900039
900040,,IRON BLACK - SAN GABRIEL,BLACKANT MINERALS SPA,REGIÓN DE ATACAMA,CHAÑARAL,Cobre,Mina,No informado,,No identificado,Revisar,Revisar,Sin coincidencia,,,,VALIDADO,-70.10575559,-25.94279532,,,POL_900040
900041,,LA MALLOCA - LA FAMOSA,INVERSIONES NUTRAM SPA,REGIÓN DE ATACAMA,VALLENAR,Cobre,Mina,No informado,,No identificado,Revisar,Revisar,Sin coincidencia,,,,VALIDADO,-70.63394993,-28.64854272,,,POL_900041
900042,,MANTOS DE COBRE,SOCIEDAD PUNTA DEL COBRE S.A.,REGIÓN DE ATACAMA,TIERRA AMARILLA,Cobre,Mina,No informado,,No identificado,Revisar,Revisar,Sin coincidencia,,,,VALIDADO,-70.25740193,-27.45696663,,,POL_900042
900043,,PLANTA VIÑITA AZUL - COYOTE,S.C.M COYOTE,REGIÓN DE ATACAMA,COPIAPO,Cobre,Mina,No informado,,No identificado,Revisar,Revisar,Sin coincidencia,,,,VALIDADO,-70.32124806,-27.4169907,,,POL_900043
900044,,PLANTA DE CAL COPIAPÓ CEMENTOS BIO BIO,INACAL S.A.,REGIÓN DE ATACAMA,COPIAPO,Carbonato de Calcio,Mina,No informado,,No identificado,Revisar,Revisar,Sin coincidencia,,,,VALIDADO,-70.22170937,-27.3583033,,,POL_900044
900045,,PLANTA MARAY,HERNAN GONZALEZ SALAZAR,REGIÓN DE ATACAMA,COPIAPO,Cobre,Mina,No informado,,No identificado,Revisar,Revisar,Sin coincidencia,,,,VALIDADO,-70.34950031,-27.40143278,,,POL_900045
900046,,PLANTA PEDRO AGUIRRE CERDA CCMC,C.C. MINERA OJOS DEL SALADO,REGIÓN DE ATACAMA,TIERRA AMARILLA,Cobre,Mina,No informado,,No identificado,Revisar,Revisar,Sin coincidencia,,,,VALIDADO,-70.25861897,-27.49409753,,,POL_900046
900047,,PLANTA RIOSAL,MINERO SALADO SPA,REGIÓN DE ATACAMA,CHAÑARAL,Cobre,Mina,No informado,,No identificado,Revisar,Revisar,Sin coincidencia,,,,VALIDADO,-70.30919068,-26.42727932,,,POL_900047
900048,,RELAVE DOMEYKO,DMC SPA,REGIÓN DE ATACAMA,HUACO,Oro,Mina,No informado,,No identificado,Revisar,Revisar,Sin coincidencia,,,,VALIDADO,-70.8874809,-28.95485327,,,POL_900048
900049,,SALITROSA,SOCIEDAD CONTRACTUAL MINERA KAMIKASE,REGIÓN DE ATACAMA,CHAÑARAL,Hierro,Mina,No informado,,No identificado,Revisar,Revisar,Sin coincidencia,,,,VALIDADO,-70.4240039,-26.73854082,,,POL_900049
900050,,SANTOS,C.C. MINERA OJOS DEL SALADO,REGIÓN DE ATACAMA,TIERRA AMARILLA,Cobre,Mina,No informado,,No identificado,Revisar,Revisar,Sin coincidencia,,,,VALIDADO,-70.26086793,-27.47354869,,,POL_900050
900051,,SAN ANTONIO - CARACOLES,CIA MIRA SAN GERONIMO,REGIÓN DE COQUIMBO,LA SERENA,Cobre,Mina,No informado,,No identificado,Revisar,Revisar,Sin coincidencia,,,,VALIDADO,-71.03633438,-29.79879233,,,POL_900051
900052,,PLANTA SAN ALEJANDRO (EX TRAPICHE),FMA/P,REGIÓN DE COQUIMBO,LA HIGUERA,Cobre,Mina,No informado,,No identificado,Revisar,Revisar,Sin coincidencia,,,,VALIDADO,-71.12298619,-29.35731617,,,POL_900052
900053,,YESO CORRAL,YESOS ANDINOS SPA,REGIÓN DE COQUIMBO,VICUÑA,Yeso,Mina,No informado,,No identificado,Revisar,Revisar,Sin coincidencia,,,,VALIDADO,-70.96514561,-30.23107185,,,POL_900053
900054,,ESCUKA EL BRILLADOR,CIA MIRA SAN GERONIMO,REGIÓN DE COQUIMBO,LA SERENA,Cobre,Mina,No informado,,No identificado,Revisar,Revisar,Sin coincidencia,,,,VALIDADO,-71.19447056,-29.81353599,,,POL_900054
900055,,SANTA ROSA - ESTRELLA ORIENTAL,SOCIEDAD HLY MINERA LTDA,REGIÓN DE COQUIMBO,LA HIGUERA,Cobre,Mina,No informado,,No identificado,Revisar,Revisar,Sin coincidencia,,,,VALIDADO,-71.12833711,-29.35569939,,,POL_900055
900056,,PLANTA SANTO DOMINGO,TERRAMINERALES CHILE SPA,REGIÓN DE COQUIMBO,LA HIGUERA,Manganeso,Mina,No informado,,No identificado,Revisar,Revisar,Sin coincidencia,,,,VALIDADO,-71.14963262,-29.34279694,,,POL_900056
900057,,CINABRO - SAN ANDRÉS,MINERA BMR SPA,REGIÓN DE COQUIMBO,OVALLE,Cobre,Mina,No informado,,No identificado,Revisar,Revisar,Sin coincidencia,,,,VALIDADO,-71.21465685,-30.72310724,,,POL_900057
900058,,FAENA CLAUDIO ALBERTO- PLANTA RIVERA,COMPAÑÍA MINERA CLAUDIO ALBERTO ISA,REGIÓN DE COQUIMBO,LA HIGUERA,Cobre,Mina,No informado,,No identificado,Revisar,Revisar,Sin coincidencia,,,,VALIDADO,-71.11542299,-29.36386549,,,POL_900058
900059,,FAENA DELIRIO -EL TAMBOR,COMPAÑIA MINERA DELIRIO,REGIÓN DE COQUIMBO,VICUÑA,Cobre,Mina,No informado,,No identificado,Revisar,Revisar,Sin coincidencia,,,,VALIDADO,-70.8766362,-29.9023713,,,POL_900059
900060,,EMELINA - TALCUNA,ENAMI,REGIÓN DE COQUIMBO,VICUÑA,Cobre,Mina,No informado,,No identificado,Revisar,Revisar,Sin coincidencia,,,,VALIDADO,-70.88819268,-29.8909294,,,POL_900060
900061,,FAENA ESCOBA - MASERVI,DANIEL FERNANDEZ GIZZI,REGIÓN DE COQUIMBO,OVALLE,Cobre,Mina,No informado,,No identificado,Revisar,Revisar,Sin coincidencia,,,,VALIDADO,-71.12801721,-30.48019742,,,POL_900061
900062,,CALIZAS DE QUILIMARI,EXPLOTADORA DE MINAS SPA,REGIÓN DE COQUIMBO,LOS VILOS,Carbonato de calcio,Mina,No informado,,No identificado,Revisar,Revisar,Sin coincidencia,,,,VALIDADO,-71.30427439,-32.01959061,,,POL_900062
900063,,FAENA LINDEROS,COMPAÑIA MINERA RINCONADA SPA,REGIÓN DE COQUIMBO,VICUÑA,Cobre,Mina,No informado,,No identificado,Revisar,Revisar,Sin coincidencia,,,,VALIDADO,-70.99643114,-29.97357469,,,POL_900063
900064,,FAENA SOR TERESA,INDUSTRIA MIERA EL TRAPICHE SPA,REGIÓN DE COQUIMBO,LA HIGUERA,Cobre,Mina,No informado,,No identificado,Revisar,Revisar,Sin coincidencia,,,,VALIDADO,-71.12104794,-29.35901121,,,POL_900064
900065,,FAENA TESORO,SOCIEDAD LEGAL MINERA TESORO,REGIÓN DE COQUIMBO,LA HIGUERA,Cobre,Mina,No informado,,No identificado,Revisar,Revisar,Sin coincidencia,,,,VALIDADO,-71.06393521,-29.3601213,,,POL_900065
900066,,ISABEL,RIGOBERTO ALFARO,REGIÓN DE COQUIMBO,LA SERENA,Cobre,Mina,No informado,,No identificado,Revisar,Revisar,Sin coincidencia,,,,VALIDADO,-71.14300864,-29.82861756,,,POL_900066
900067,,CHOLITO - ESPERANZA,CHRISTIAN FLETCHER RAMIREZ,REGIÓN DE TARAPACÁ,IQUIQUE,Salmuera,Mina,No informado,,No identificado,Revisar,Revisar,Sin coincidencia,,,,VALIDADO,-70.05284482,-20.89012797,,,POL_900067
900068,,LAGUNAS,ACF. MINERA S.A.,REGIÓN DE TARAPACÁ,POZO ALMONTE,Caliche,Mina,No informado,,No identificado,Revisar,Revisar,Sin coincidencia,,,,VALIDADO,-69.68500491,-20.96830017,,,POL_900068
900070,,PUERTO PATACHE - COLLAHUASI,COLLAHUASI,REGIÓN DE TARAPACÁ,IQUIQUE,No informado,Puerto,No informado,,Sí,Revisar,Revisar,Sin coincidencia,,,,VALIDADO,-70.20099147,-20.8073189,,,POL_900070
900071,,PUERTO PATACHE - QUEBRADA BLANCA,COMPAÑIA MARÍA TECK QUEBRADA BLANCA S.A.,REGIÓN DE TARAPACÁ,IQUIQUE,Cobre,Mina,No informado,,No identificado,Revisar,Revisar,Sin coincidencia,,,,VALIDADO,-70.18543264,-20.78424923,,,POL_900071
900072,,BROWNFIELD CATEMU,SOCIEDAD EXPLORACIÓN Y DESARROLLO MINERO (EXPLODESA),REGIÓN DE VALPARAÍSO,CATEMU,Cobre,Mina,No informado,,No identificado,Revisar,Revisar,Sin coincidencia,,,,VALIDADO,-70.97610723,-32.73095974,,,POL_900072
900073,,MAESTRANZA - EX FUNDICIÓN VENTANAS,CODELCO,REGIÓN DE VALPARAÍSO,PUCHUNCAVI,Cobre,Fundición,No informado,,No identificado,Revisar,Revisar,Sin coincidencia,,,,VALIDADO,-71.4805875,-32.75730307,,,POL_900073
900074,,FUNDICIÓN CHAGRES,ANGLO AMERICAN SUR S.A.,REGIÓN DE VALPARAÍSO,CATEMU,Cobre,Mina,No informado,,No identificado,Revisar,Revisar,Sin coincidencia,,,,VALIDADO,-70.95513797,-32.80457621,,,POL_900074
900075,,EL BRONCE,COMPAÑIA MINERA CAN CAN S.A.,REGIÓN DE VALPARAÍSO,PETORCA,Oro,Mina,No informado,,No identificado,Revisar,Revisar,Sin coincidencia,,,,VALIDADO,-70.94197958,-32.19288163,,,POL_900075
900076,,PLANTA CHINCOLCO,PLANTA CONCENTRADORA DE MINERALES CHINCOLCO SPA,REGIÓN DE VALPARAÍSO,PETORCA,Cobre,Mina,No informado,,No identificado,Revisar,Revisar,Sin coincidencia,,,,VALIDADO,-70.87506024,-32.22107727,,,POL_900076
900077,,PLANTA ED CHANCADO MOVIL KLEEMANN,INGENIERIA EN TRANSPORTE MIRADOR SPA,REGIÓN DE VALPARAÍSO,LLAYLLAY,Cobre,Mina,No informado,,No identificado,Revisar,Revisar,Sin coincidencia,,,,VALIDADO,-70.96136996,-32.8449505,,,POL_900077
900078,,PILPILCO MINERALES - PARQUE INDUSTRIAL CURANILAHUE,SOCIEDAD DE SERVICIOS MINEROS PILPILCO MINERALES LTDA. (EX ESTERO MACHO LTDA.),REGIÓN DEL BIOBÍO,CURANILAHUE,Carbón,Mina,No informado,,No identificado,Revisar,Revisar,Sin coincidencia,,,,VALIDADO,-73.36448479,-37.44891117,,,POL_900078
900079,,PLANTA CENTR DEMOSTRATIVO - INTERNEC CHILE,REEE UNO SPA,REGIÓN DEL BIOBÍO,SAN PEDRO DE LA PAZ,Tierras raras,Mina,No informado,,No identificado,Revisar,Revisar,Sin coincidencia,,,,VALIDADO,-73.14473185,-36.87018029,,,POL_900079
900080,,PLANTA DE LAVADO CARBOMAT,CARBOMAT LTDA,REGIÓN DEL BIOBÍO,CURANILAHUE,Carbón,Mina,No informado,,No identificado,Revisar,Revisar,Sin coincidencia,,,,VALIDADO,-73.35948423,-37.46632436,,,POL_900080
900081,,PLANTA PROCESO Y MINA SANTA DORILA,S.L.M.STA.DORILA DE LAS ARENITAS,REGIÓN DEL MAULE,CONSTITUCIÓN,Siliceos,Mina,No informado,,No identificado,Revisar,Revisar,Sin coincidencia,,,,VALIDADO,-72.42489986,-35.38530878,,,POL_900081
900082,,LO AGUIRRE,MARTIN ROBERTO AMÓN ESPINDOLA MADRIS,REGIÓN METROPOLITANA DE SANTIAGO,PUDAHUEL,Cobre,Mina,No informado,,No identificado,Revisar,Revisar,Sin coincidencia,,,,VALIDADO,-70.91998342,-33.44487987,,,POL_900082
900083,,MAQUILA RELAVES FRESCOS DIV. ANDINA,VALLE ACONCAGUA SA.,REGIÓN METROPOLITANA DE SANTIAGO,TILTIL,Cobre,Mina,No informado,,No identificado,Revisar,Revisar,Sin coincidencia,,,,VALIDADO,-70.76463064,-33.01035946,,,POL_900083
900084,,MINA DE PUZOLANA PUDAHUEL,CEMENTO POLPAICO,REGIÓN METROPOLITANA DE SANTIAGO,PUDAHUEL,Pumicita,Mina,No informado,,No identificado,Revisar,Revisar,Sin coincidencia,,,,VALIDADO,-70.79246903,-33.44895351,,,POL_900084
900085,,EL ROMERAL,SOCIEDAD INDUSTRIAL ROMERAL S.A.,REGIÓN METROPOLITANA DE SANTIAGO,SAN JOSÉ DE MAIPO,Yeso,Mina,No informado,,No identificado,Revisar,Revisar,Sin coincidencia,,,,VALIDADO,-69.96212428,-33.61418537,,,POL_900085
900086,,PLANTA POLCURA INTEGRADA,MINERA SAN PEDRO S.A.,REGIÓN METROPOLITANA DE SANTIAGO,TILTIL,Cobre,Mina,No informado,,No identificado,Revisar,Revisar,Sin coincidencia,,,,VALIDADO,-70.90428307,-33.10203261,,,POL_900086
900087,,PLANTA CHANCON,SOCIEDAD MINERA LOS ROBLES SPA (EX-CIA. MIN. CHILENO RUMANA),REGIÓN DEL LIBERTADOR BERNARDO OHIGGINS,RANCAGUA,Oro,Mina,No informado,,No identificado,Revisar,Revisar,Sin coincidencia,,,,VALIDADO,-70.81303172,-34.07783281,,,POL_900087
