ID_OA,n_poligonos,ID_POLIGONO
5.0,2,POL_555 | POL_559
18.0,2,POL_160 | POL_194
21.0,2,POL_39 | POL_99
23.0,5,POL_132 | POL_133 | POL_156 | POL_186 | POL_218
24.0,3,POL_330 | POL_331 | POL_332
26.0,2,POL_391 | POL_403
27.0,6,POL_55 | POL_87 | POL_117 | POL_900003 | POL_900004 | POL_900005
29.0,2,POL_262 | POL_371
30.0,2,POL_486 | POL_487
57.0,2,POL_561 | POL_562
60.0,2,POL_269 | POL_270
61.0,2,POL_236 | POL_237
66.0,2,POL_79 | POL_105
72.0,2,POL_309 | POL_335
78.0,2,POL_7 | POL_31
88.0,11,POL_705 | POL_706 | POL_708 | POL_711 | POL_714 | POL_716 | POL_718 | POL_719 | POL_720 | POL_721 | POL_722
97.0,3,POL_684 | POL_685 | POL_687
107.0,3,POL_760 | POL_761 | POL_764
116.0,3,POL_787 | POL_792 | POL_799
123.0,2,POL_135 | POL_136
127.0,2,POL_139 | POL_150
148.0,2,POL_666 | POL_671
162.0,3,POL_783 | POL_784 | POL_785
168.0,2,POL_746 | POL_747
172.0,2,POL_668 | POL_670
230.0,2,POL_143 | POL_249
234.0,2,POL_575 | POL_587
246.0,2,POL_516 | POL_530
253.0,3,POL_223 | POL_229 | POL_230
266.0,4,POL_697 | POL_701 | POL_702 | POL_713
276.0,2,POL_319 | POL_900002
281.0,2,POL_336 | POL_338
282.0,3,POL_736 | POL_740 | POL_797
286.0,2,POL_367 | POL_369
290.0,2,POL_323 | POL_324
300.0,2,POL_178 | POL_179
306.0,7,POL_735 | POL_743 | POL_765 | POL_766 | POL_768 | POL_769 | POL_782
307.0,2,POL_353 | POL_900001
330.0,2,POL_47 | POL_90
343.0,2,POL_538 | POL_579
346.0,2,POL_291 | POL_317
350.0,2,POL_635 | POL_637
358.0,3,POL_45 | POL_82 | POL_83
360.0,3,POL_4 | POL_5 | POL_6
361.0,2,POL_410 | POL_424
367.0,4,POL_181 | POL_182 | POL_195 | POL_198
369.0,3,POL_362 | POL_363 | POL_364
373.0,3,POL_48 | POL_56 | POL_126
374.0,2,POL_77 | POL_95
378.0,2,POL_94 | POL_121
380.0,7,POL_102 | POL_104 | POL_106 | POL_107 | POL_109 | POL_110 | POL_811
381.0,3,POL_357 | POL_358 | POL_360
386.0,3,POL_203 | POL_207 | POL_267
387.0,2,POL_554 | POL_567
390.0,2,POL_74 | POL_113
391.0,2,POL_654 | POL_677
394.0,2,POL_354 | POL_356
395.0,2,POL_441 | POL_442
400.0,3,POL_524 | POL_527 | POL_533
402.0,2,POL_499 | POL_500
411.0,2,POL_57 | POL_118
413.0,2,POL_417 | POL_422
415.0,2,POL_415 | POL_454
426.0,2,POL_64 | POL_81
428.0,4,POL_574 | POL_576 | POL_597 | POL_598
430.0,2,POL_72 | POL_73
433.0,19,POL_739 | POL_757 | POL_759 | POL_762 | POL_763 | POL_779 | POL_780 | POL_781 | POL_786 | POL_788 | POL_789 | POL_790 | POL_791 | POL_793 | POL_794 | POL_795 | POL_796 | POL_801 | POL_803
434.0,2,POL_20 | POL_21
438.0,2,POL_741 | POL_742
443.0,2,POL_432 | POL_470
448.0,11,POL_168 | POL_170 | POL_174 | POL_175 | POL_176 | POL_177 | POL_184 | POL_197 | POL_202 | POL_245 | POL_246
455.0,2,POL_522 | POL_523
456.0,2,POL_569 | POL_572
459.0,7,POL_208 | POL_212 | POL_213 | POL_242 | POL_243 | POL_256 | POL_268
466.0,2,POL_488 | POL_489
468.0,3,POL_12 | POL_23 | POL_24
473.0,2,POL_124 | POL_125
481.0,2,POL_425 | POL_461
484.0,2,POL_192 | POL_201
485.0,4,POL_292 | POL_298 | POL_306 | POL_329
487.0,3,POL_540 | POL_542 | POL_602
491.0,2,POL_683 | POL_699
498.0,2,POL_620 | POL_629
500.0,3,POL_479 | POL_490 | POL_491
511.0,2,POL_695 | POL_717
518.0,2,POL_71 | POL_120
526.0,4,POL_733 | POL_749 | POL_753 | POL_755
529.0,2,POL_148 | POL_149
534.0,2,POL_550 | POL_601
